State,District,Year,Acerage,Yield,PRCP_Jun,PRCP_Jul,PRCP_Aug,PRCP_Sep,PRCP_Oct,PRCP_Nov,TMAX_Jun,TMAX_Jul,TMAX_Aug,TMAX_Sep,TMAX_Oct,TMAX_Nov,TMIN_Jun,TMIN_Jul,TMIN_Aug,TMIN_Sep,TMIN_Oct,TMIN_Nov,WIND_Jun,WIND_Jul,WIND_Aug,WIND_Sep,WIND_Oct,WIND_Nov,RH_Jun,RH_Jul,RH_Aug,RH_Sep,RH_Oct,RH_Nov,SRAD_Jun,SRAD_Jul,SRAD_Aug,SRAD_Sep,SRAD_Oct,SRAD_Nov,LAImax_Aug,LAImax_Jul,LAImax_Jun,LAImax_Nov,LAImax_Oct,LAImax_Sep,GPPsum_Aug,GPPsum_Jul,GPPsum_Jun,GPPsum_Nov,GPPsum_Oct,GPPsum_Sep
Madhya Pradesh,Agar Malwa,2021,1.790000,1075.000000,106.217872,377.041842,386.947257,304.669358,73.772804,1.032108,37.129007,31.811405,30.478772,31.591587,32.541498,29.568925,25.172923,25.316007,23.401432,23.806752,20.294559,14.188605,2.232612,2.149336,2.154065,1.620792,1.082171,1.056749,51.963688,66.418507,73.829571,73.913210,53.538983,42.464363,617.106558,469.306737,419.841871,454.578003,573.645306,450.478001,2.556875,0.856925,0.462235,0.645802,1.145650,2.836290,177.197493,89.383799,29.409823,57.691922,71.315456,128.479150
Madhya Pradesh,Agar Malwa,2022,1.511000,1112.000000,85.946412,486.637713,692.126940,133.777226,115.087110,0.000000,38.908365,30.917702,30.220215,31.950971,32.142070,30.287920,26.875579,23.721046,23.268004,23.241716,19.074966,13.558784,1.701608,2.093482,1.512780,1.168149,0.981629,0.768571,42.535502,74.423949,75.099149,68.442578,51.706714,42.136324,741.778424,766.446701,766.406843,738.497809,765.694120,741.993915,3.586793,1.351774,0.358659,0.783128,0.763968,3.573711,136.962647,136.962647,136.962647,136.962647,102.721985,136.962647
Madhya Pradesh,Agar Malwa,2023,1.432000,1035.000000,94.006836,374.013801,57.031223,262.773794,1.759980,10.350336,36.790319,32.360571,31.154137,32.295375,34.119698,29.638963,25.470969,24.507696,23.531890,23.416998,19.481154,15.441818,3.127916,2.861471,2.982232,2.519149,1.760448,1.443712,49.273381,71.359061,68.907322,66.542606,45.472024,50.879659,447.558927,455.324523,467.512929,477.897324,592.008633,443.323473,3.538349,1.795350,0.346767,1.106294,0.667119,2.130014,206.897494,114.298189,21.461947,72.943570,48.075176,125.018490
Madhya Pradesh,Agar Malwa,2024,1.504000,983.000000,95.640299,385.111066,285.874792,212.042443,16.690531,0.000000,38.529585,31.914991,30.226064,31.525308,33.775165,30.487664,26.865831,24.772641,23.672516,23.423982,21.380786,14.842154,3.278937,3.162373,2.699442,2.623886,1.637566,1.238297,47.957758,71.325840,76.084192,69.806708,52.552402,43.912010,595.057213,402.695611,397.690892,440.356234,544.343569,488.297388,4.147839,1.658596,0.342978,0.603103,0.866972,2.264215,170.547366,113.375193,16.477473,53.042162,70.769943,137.105081
Madhya Pradesh,Agar Malwa,2025,1.737000,965.000000,136.867143,434.377301,214.779327,221.860314,57.122356,1.824272,35.376537,30.166268,31.140886,31.539749,30.754574,28.407105,25.095305,23.542902,23.522680,22.677222,19.527606,12.876534,3.207935,3.451732,2.638901,1.175796,1.037079,0.566544,53.643648,72.083610,69.799210,63.222978,61.131502,49.324185,533.121544,388.822162,444.042095,474.648934,498.758190,488.903600,4.173375,1.877303,0.449647,0.871655,0.748589,1.814653,180.513900,125.087092,24.696564,79.980747,13.177559,142.699817
Madhya Pradesh,Alirajpur,2021,0.320000,894.000000,95.717109,205.665299,127.237309,299.229707,50.341559,15.580106,35.808110,30.977941,30.473473,31.050634,32.881348,30.896364,24.890739,24.487639,23.244576,23.346492,20.968892,16.808209,2.689055,2.836118,2.321409,1.918270,1.221242,1.441640,57.997554,68.651013,71.754241,75.460630,56.986164,45.348781,591.943385,474.718722,435.632119,419.469317,571.077938,461.486857,2.549456,0.813196,0.675617,1.088203,2.471851,4.176246,180.985606,100.471892,51.430301,92.368742,113.153205,161.902547
Madhya Pradesh,Alirajpur,2022,0.351000,1125.000000,58.587491,320.829636,226.275440,134.509356,67.676352,0.000000,37.241226,29.952265,30.429946,32.088101,32.766632,31.318395,25.674817,23.350045,23.334356,23.607000,20.262556,15.446640,2.058615,2.370212,1.412641,1.105429,0.851381,0.595682,47.072256,74.213276,73.083249,66.629738,50.423910,40.510667,740.680777,763.941239,761.159680,741.869451,767.172841,739.486992,3.137501,0.909154,0.539646,0.983790,1.570976,4.503156,84.022431,84.022431,84.022431,84.022431,63.016823,84.022431
Madhya Pradesh,Alirajpur,2023,0.331000,855.000000,67.671434,341.218215,76.051284,411.156289,0.000000,55.310713,36.420065,31.274989,30.928430,31.820046,34.577021,31.554075,25.407806,23.983985,23.707363,23.593786,20.860854,17.695608,3.610982,3.572568,3.421995,2.848518,2.004394,1.891315,49.567210,71.198723,69.350060,68.908873,49.279738,50.556896,491.446527,396.608288,432.395010,455.681458,609.377026,470.653491,2.894663,1.367833,0.561647,1.033114,1.610992,3.415669,206.517257,110.663727,43.019748,78.259750,93.623373,165.567501
Madhya Pradesh,Alirajpur,2024,0.308000,994.000000,122.757996,249.120202,437.684540,340.385891,59.573051,0.000000,37.012429,30.952241,30.251293,31.021725,33.426244,31.388927,25.928063,24.236295,23.549952,23.174826,22.296542,16.352337,3.439859,3.590704,3.063531,2.910926,1.834885,1.487739,50.557289,71.649169,74.642823,70.018780,57.294331,44.995591,592.082344,373.743146,392.093365,443.853801,546.322644,512.620050,3.517268,1.484074,0.628545,0.945360,1.848962,3.662002,167.282753,99.689051,38.746333,74.969831,123.509923,178.166447
Madhya Pradesh,Alirajpur,2025,0.340000,925.000000,261.882050,209.627140,224.733514,229.344931,107.795585,5.144684,34.136354,30.343479,30.731075,30.566043,31.622207,29.572761,24.854890,23.573854,23.436426,22.719192,20.971141,15.241704,3.443058,3.889247,2.955168,1.419997,1.149535,0.563173,57.841931,70.472911,69.972449,67.643415,62.673347,51.765764,508.232207,383.677679,445.853209,456.117810,506.228574,508.020362,2.430052,0.958630,0.708804,1.058114,1.761410,3.289682,159.484885,119.706792,48.786286,122.034630,25.377899,189.075693
Madhya Pradesh,Ashoknagar,2021,2.150000,746.000000,115.615353,266.229802,496.344727,226.941050,48.044790,0.699028,37.851674,32.618277,30.986979,31.793055,32.463950,29.250224,25.374070,25.722695,23.943012,23.938958,20.139871,13.475002,1.727735,1.706570,1.859708,1.337930,0.959648,0.879785,52.128536,65.850599,74.507148,73.965888,53.981462,43.568286,614.355896,473.921386,437.130678,462.850830,579.156738,446.507300,1.980143,0.740933,0.421422,0.629493,1.060138,2.222302,159.518735,73.460440,26.122064,51.865615,61.429079,128.463527
Madhya Pradesh,Ashoknagar,2022,1.927000,990.000000,140.629617,350.486850,423.321129,257.027245,84.037170,0.000000,39.375851,32.538408,30.747182,31.508556,31.713237,29.654087,26.926426,24.132681,23.521626,23.492227,19.231667,13.265950,1.324603,1.904701,1.275724,1.099110,0.910726,0.662694,42.893922,71.509340,75.350561,72.579852,55.667355,44.342171,727.427799,750.382161,750.040105,726.719292,754.017618,729.428297,3.814146,1.653842,0.339689,0.593465,0.665598,2.926478,121.005010,121.005010,121.005010,121.005010,90.753758,121.005010
Madhya Pradesh,Ashoknagar,2023,1.869000,940.000000,151.670451,224.726866,189.817164,174.214760,0.616546,5.745223,37.427644,32.997903,31.446970,32.481797,34.017791,29.626055,25.930288,24.990730,23.862609,23.485623,19.214514,15.209179,2.980240,2.762653,2.877275,2.407696,1.713260,1.360337,49.645613,70.989926,69.537596,66.089572,45.156187,50.347758,430.021907,472.667275,464.771001,476.644572,579.022345,433.985641,4.034168,1.652192,0.351016,0.602377,0.699556,2.922955,184.682824,97.669248,16.706210,43.947630,46.896616,128.529905
Madhya Pradesh,Ashoknagar,2024,1.589000,983.000000,153.899478,367.860488,463.780552,249.402486,0.064582,0.000000,39.552961,32.831573,30.628292,31.700649,33.789422,30.236945,27.410946,25.244316,23.937289,23.578181,21.238112,14.509156,3.172885,2.989767,2.559790,2.568205,1.624059,1.209109,46.952380,72.122292,76.981739,70.633576,52.881040,45.086224,570.115561,440.467128,390.110757,440.284552,540.048418,475.925313,3.742375,2.273845,0.298677,0.433465,0.930120,3.277627,148.769294,102.114562,12.526547,37.765931,68.780075,147.326543
Madhya Pradesh,Ashoknagar,2025,0.270000,700.000000,278.803731,760.134534,258.376593,132.161838,68.380957,1.887462,36.127827,30.183731,31.263858,32.052633,30.585014,28.101027,25.257572,23.574548,23.822759,23.273322,19.890812,12.506984,3.101920,3.012416,2.563047,1.059923,0.967087,0.481160,52.093882,74.893496,71.947426,63.794912,63.479344,50.235235,519.748905,378.313196,450.230889,475.833480,490.504068,483.641583,2.713964,0.589560,0.367344,0.545082,1.014482,2.432128,163.844527,116.089824,24.630249,59.425634,40.284424,172.591281
Madhya Pradesh,Barwani,2021,0.270000,806.000000,106.140904,154.667955,135.536096,305.531682,77.059223,10.032631,35.715938,30.623320,30.249376,30.770109,32.564104,30.643262,24.481616,24.162106,22.907531,23.060281,20.658359,17.090245,2.477812,2.634594,2.052800,1.713528,1.182286,1.446912,57.752677,68.535039,72.022298,75.033004,56.256379,46.171034,572.753623,462.433688,427.778011,419.399174,571.646522,461.061310,2.389226,0.440067,0.388552,1.034680,2.581818,2.435017,166.753199,79.243098,33.803704,87.498316,107.068013,155.673401
Madhya Pradesh,Barwani,2022,0.276000,989.000000,80.357255,336.135325,215.495989,216.321856,93.622625,0.000000,36.977213,29.657168,30.386370,31.559009,32.194681,30.946661,25.281249,22.940455,23.048919,23.121885,20.012612,15.152640,1.854163,2.341525,1.392133,1.095876,0.891916,0.692565,47.068113,74.735186,73.012013,69.008139,53.041313,41.394033,723.039089,750.808045,742.729753,723.115089,751.726223,714.427159,2.401684,0.697643,0.375421,0.787205,1.072391,2.529966,110.278788,110.278788,110.278788,110.278788,82.709091,110.278788
Madhya Pradesh,Barwani,2023,0.270000,841.000000,65.262867,282.140017,74.618358,377.421686,1.029337,64.681288,36.722817,30.756198,30.431419,31.263012,34.199527,31.178163,25.123362,23.456782,22.879554,22.748400,19.907239,17.153599,3.662713,3.638435,3.452391,2.969899,2.074493,1.961361,48.396304,71.728928,68.305924,68.291279,48.027678,50.664630,491.281850,377.324935,430.458422,440.530554,608.569647,470.976884,2.193266,0.761953,0.205387,0.696296,1.159596,2.167003,201.713131,89.869024,24.498316,64.111785,79.228283,139.948822
Madhya Pradesh,Barwani,2024,0.270000,1015.000000,127.975968,276.607643,254.792564,203.226452,76.347184,0.000000,36.719478,30.429712,30.064290,30.929800,33.108953,31.118880,25.506934,23.907335,23.227884,22.871106,21.836328,15.872243,3.471058,3.595289,3.027850,2.967355,1.797731,1.481903,50.613298,73.348320,74.403536,69.615854,56.482368,43.951745,584.608231,343.445196,388.979981,438.885995,545.575783,513.869134,2.055892,1.336027,0.367003,0.808418,1.449495,2.700000,173.446465,81.490909,24.008081,70.993266,124.249158,159.032997
Madhya Pradesh,Barwani,2025,0.226000,650.000000,170.763789,138.118448,273.688290,226.804650,86.662652,8.735083,33.960175,30.021108,30.475600,30.275749,31.367061,29.377481,24.401411,23.166109,23.009877,22.201583,20.555174,14.552509,3.565530,3.899573,2.954885,1.473889,1.170405,0.993917,56.297831,70.497501,69.190842,66.569208,63.500646,53.332464,517.505032,388.034372,438.286937,441.922576,505.115654,509.395983,1.907407,1.096296,0.375758,0.799327,1.078114,2.227609,159.870034,114.503704,26.199327,106.275084,29.315488,163.071044
Madhya Pradesh,Betul,2021,2.180000,905.000000,229.920920,342.647904,179.061669,277.968636,95.341393,10.025974,35.986454,30.505415,30.101735,30.590952,31.763736,29.568165,23.509816,23.734147,22.731998,22.859842,20.053353,15.968667,1.852507,1.886314,1.669826,1.480267,1.154870,1.123287,59.310413,69.284736,73.201985,74.256948,57.225612,48.860326,532.094358,458.550387,433.797633,437.022106,575.121350,464.266520,3.805144,1.776375,1.002533,1.045127,2.123219,3.663457,180.930716,115.611366,54.285793,92.444466,116.203552,168.117266
Madhya Pradesh,Betul,2022,2.069000,955.000000,149.132611,625.355938,486.449343,271.439440,88.066522,0.000000,37.194848,29.378417,29.610282,30.405154,30.402226,28.891640,24.977862,22.735574,22.722842,22.494109,18.950837,13.140785,1.348046,2.091053,1.337114,0.915046,0.722430,0.621925,46.222273,77.323735,76.259653,72.799583,58.843023,45.746384,666.193442,706.374314,705.287246,676.886564,689.454234,668.407005,3.522022,1.285390,0.621497,0.983462,1.673627,3.866306,105.400034,105.400034,105.400034,105.400034,79.050026,105.400034
Madhya Pradesh,Betul,2023,1.969000,850.000000,108.953638,434.102176,165.229083,336.937141,4.187639,45.436700,37.665777,31.175425,30.288473,30.984814,33.360387,30.302927,25.359311,23.700219,22.826163,22.748964,19.142316,16.122756,3.334151,3.117642,3.231271,2.630838,1.883398,1.586657,46.317101,73.212919,70.065361,70.188433,46.776948,50.739750,474.099711,390.063320,431.897100,426.487429,608.787198,465.653034,2.857784,1.444225,0.618491,0.939062,1.734825,3.611896,217.584913,125.194301,37.876803,69.155529,97.259117,175.481635
Madhya Pradesh,Betul,2024,2.107000,905.000000,129.717599,371.225544,375.933957,169.186235,70.941764,0.000000,37.248616,30.187026,29.995780,30.963419,32.533394,29.993542,25.595854,23.636287,23.192222,22.996419,21.544490,15.112504,3.359236,3.348105,2.839430,2.818403,1.867194,1.387945,51.495103,74.782728,75.814319,70.642686,59.377812,47.585935,565.098148,339.493211,382.978799,433.211860,544.474922,510.951546,3.605387,1.136864,0.690109,0.903449,1.943969,3.491433,167.559480,119.909782,40.149736,69.004713,133.680759,182.758940
Madhya Pradesh,Betul,2025,1.300000,610.000000,154.445294,383.546610,251.428331,219.475896,61.973051,2.383578,34.599712,29.355395,30.524299,30.353968,30.883518,28.806688,24.496804,22.950071,23.147269,22.570748,20.997419,14.101390,3.345703,3.424629,2.783008,1.123680,0.989155,0.650056,55.611121,74.442497,71.533505,69.388494,67.695903,52.264470,493.599022,363.055340,434.981391,435.896032,495.447734,508.044819,3.329966,1.113487,0.657736,0.966806,2.024500,3.221994,179.149058,139.948466,44.511831,107.824351,80.367071,181.884638
Madhya Pradesh,Bhopal,2021,1.200000,765.000000,240.544636,261.680561,327.704270,209.915105,69.576344,0.000000,36.839404,31.354891,30.245258,31.320371,32.373649,29.455268,24.146767,24.735365,23.216371,23.552244,20.060619,14.294018,2.244537,2.115150,2.228403,1.581346,1.138515,1.135664,56.244306,68.022572,74.957120,73.490926,53.960328,44.034453,584.950011,472.215724,417.180768,453.324991,578.898222,458.458806,2.694278,1.184176,0.675155,0.765161,1.151436,2.191124,169.769976,100.175026,39.723263,67.626506,70.645024,133.949974
Madhya Pradesh,Bhopal,2022,0.890000,1056.000000,116.957078,631.744134,719.274633,244.526582,107.691466,0.000000,38.774289,30.718239,29.859360,31.247867,31.627255,29.867331,26.400119,23.539494,23.066736,22.942275,18.823198,13.440480,1.520792,2.040000,1.502347,1.116477,0.926153,0.740842,42.614567,75.456734,76.049080,70.950596,54.349035,43.880563,722.254920,727.160294,738.931607,717.712760,742.829821,722.314284,2.282893,1.051625,0.362655,0.655249,0.828556,2.821179,146.106071,146.106071,146.106071,146.106071,109.579553,146.106071
Madhya Pradesh,Bhopal,2023,1.069000,1025.000000,160.108035,362.622575,159.664212,230.997864,0.371356,12.039177,37.212818,32.221757,30.874023,31.976099,33.921392,29.943292,25.650289,24.424197,23.356505,23.222401,19.206053,15.507810,3.137564,2.891875,3.034777,2.527584,1.782301,1.413135,49.090094,72.145022,69.496223,66.948863,45.019822,50.150254,448.999006,446.433197,446.170686,465.280691,594.478830,449.049439,3.762277,1.518238,0.375535,0.817946,0.899218,3.134704,206.270146,120.461178,23.711395,51.296878,60.259560,137.924311
Madhya Pradesh,Bhopal,2024,1.016000,994.000000,188.544750,485.114155,386.233964,255.651414,16.299334,0.000000,38.078140,31.156350,30.137360,31.343171,33.417540,30.235522,26.172383,24.326276,23.513976,23.215292,21.470035,14.736905,3.285600,3.043140,2.678324,2.669269,1.743949,1.244967,50.172685,75.683718,77.253985,70.627744,55.249740,45.603847,567.322074,372.993026,387.628738,438.219086,548.032222,491.429891,3.488396,1.781555,0.403205,0.546847,1.020929,2.631711,169.116793,118.068600,21.517724,48.037110,78.599024,148.387512
Madhya Pradesh,Bhopal,2025,1.100000,965.000000,175.548632,650.747311,215.114833,224.951726,51.676136,0.061557,35.236310,29.566487,30.777901,31.326830,31.036844,28.385280,24.821796,23.260604,23.481937,23.006933,20.362022,13.017079,3.365426,3.317265,2.676707,1.108643,1.021472,0.534141,54.046196,76.392438,72.465056,66.518293,63.734841,49.862202,513.608691,359.014950,433.339646,446.747576,497.644003,492.779414,3.792358,0.980883,0.386330,0.844161,0.975346,2.536072,180.148987,133.653739,31.833949,79.157976,45.894919,170.328406
Madhya Pradesh,Burhanpur,2021,0.180000,1022.000000,102.714532,185.842731,141.300540,281.226114,107.324547,4.603110,36.092749,30.714939,30.495686,30.898588,32.519072,30.715103,24.138979,24.087406,22.906364,23.136757,20.527856,17.364832,1.928376,1.947436,1.680845,1.474944,1.187596,1.220660,58.258291,69.426957,72.272752,74.476537,56.817516,49.007917,543.672530,459.860371,433.940064,424.712670,572.220272,462.454077,2.468399,0.936557,0.643516,1.322346,2.194804,2.983753,162.705248,98.813286,43.867911,110.500316,122.489795,152.581866
Madhya Pradesh,Burhanpur,2022,0.173000,1092.000000,97.745842,418.804429,184.798981,268.661975,106.611882,0.000000,37.458030,29.644015,30.626429,31.430258,31.582532,30.712597,25.735263,23.021251,23.163287,23.079825,19.798391,14.371938,1.486886,2.117726,1.359503,1.070568,0.859621,0.666639,47.538234,76.324504,72.839426,70.409619,56.572049,42.896499,691.558980,735.529295,717.215739,690.723540,717.729862,693.663336,2.742953,1.120493,0.491932,1.081106,1.605971,3.079690,102.894324,102.894324,102.894324,102.894324,77.170743,102.894324
Madhya Pradesh,Burhanpur,2023,0.176000,949.000000,79.645024,349.977449,75.447761,326.352348,0.087636,61.721594,37.548727,30.956785,30.531306,31.209371,34.042410,31.052805,25.543317,23.647691,22.874772,22.758239,19.605266,16.837809,3.362304,3.029101,3.179210,2.576224,1.836793,1.650483,47.312101,73.581206,69.297412,69.198396,47.833694,51.297936,487.836849,364.315163,436.995972,426.385549,613.219580,473.302299,2.423741,1.001048,0.462672,1.070772,1.440157,2.679965,189.471451,100.496694,30.818867,83.784766,94.691420,153.018109
Madhya Pradesh,Burhanpur,2024,0.185000,989.000000,164.230962,294.502526,258.589811,188.775887,85.445065,0.000000,36.862086,30.408207,30.468174,31.220816,33.190386,31.049901,25.471034,23.854635,23.474547,23.002782,21.986867,15.821214,3.248092,3.124533,2.757372,2.583745,1.727952,1.267104,52.211194,74.482257,74.797403,69.906723,57.734570,45.748592,566.113020,324.652695,390.709917,435.348876,550.106709,520.644260,3.342119,0.784491,0.605629,1.045101,2.015003,2.538879,170.908594,96.020889,35.995875,76.215120,138.674799,169.474523
Madhya Pradesh,Burhanpur,2025,0.202000,800.000000,130.729112,171.869626,258.708682,237.760098,46.590551,5.113584,34.518289,30.059604,30.589717,30.406742,31.696533,29.837107,24.543908,23.238098,23.111353,22.242005,20.791351,14.571667,3.222022,3.430440,2.722769,1.221211,1.084839,0.716386,55.640733,72.479889,70.628974,67.362661,63.142905,50.726828,510.277486,371.007804,422.829700,426.692948,511.986872,514.090653,2.751630,1.186274,0.650264,1.052186,1.689034,2.882731,158.693366,114.813884,36.926676,114.601056,72.238284,176.910964
Madhya Pradesh,Chhatarpur,2021,0.130000,799.000000,96.525465,255.216588,213.166672,162.511355,34.695196,0.002529,38.595432,34.050004,32.272505,32.689529,32.612391,29.031655,25.449445,26.101199,24.953066,24.484041,20.569306,13.259615,1.561595,1.563473,1.484421,1.326482,0.955120,0.775531,57.709726,67.588887,74.532201,73.019015,55.476622,46.777888,580.759161,481.880220,456.018239,487.935397,563.635510,433.890665,1.317703,0.657656,0.814593,0.681818,1.132536,2.101435,117.997129,82.312679,45.171770,71.716268,71.942105,145.325598
Madhya Pradesh,Chhatarpur,2022,0.090000,878.000000,87.519074,231.497451,350.813733,160.950893,121.719098,0.000000,40.500074,34.831881,32.155778,32.401708,31.795891,29.272186,27.441967,25.570161,24.381560,24.129778,19.660593,13.447408,1.392873,1.959201,1.286992,0.936688,0.739188,0.587251,40.932266,65.830662,73.221588,72.250716,58.971976,48.144500,712.890634,728.535990,729.544191,710.513414,737.621959,711.654898,3.232775,1.662679,0.579187,0.591388,0.893062,1.578230,112.087081,112.087081,112.087081,112.087081,84.065311,112.087081
Madhya Pradesh,Chhatarpur,2023,0.103000,835.000000,145.363990,154.104237,286.083179,191.549378,5.135651,8.613668,38.783545,34.334305,32.362918,33.050807,33.532734,29.371605,26.685510,26.009491,24.823421,24.615883,19.529528,15.326875,2.768060,2.581817,2.593479,2.237065,1.611835,1.265841,46.640794,68.400237,69.737137,67.353889,48.030706,52.026393,395.029635,512.001748,471.327448,481.845664,555.716863,415.988246,1.712919,1.332775,0.610526,0.522967,0.760766,1.421053,167.304067,112.632536,25.559569,54.482057,59.526316,135.506938
Madhya Pradesh,Chhatarpur,2024,0.149000,1020.000000,98.656844,264.681325,342.449778,256.362420,2.181423,0.000000,40.966689,34.323124,32.270640,32.629033,33.812819,30.170457,28.533410,26.342061,24.895898,24.585234,21.858654,15.049281,2.979491,2.904032,2.524056,2.510619,1.529587,1.151020,42.830272,68.922495,74.756766,70.697806,55.255628,47.562793,591.102685,484.859656,433.893936,451.755613,520.946906,447.913957,3.189713,1.579665,0.362919,0.490909,1.107656,2.211005,156.657656,109.993301,23.702392,48.561483,97.563397,131.258134
Madhya Pradesh,Chhatarpur,2025,0.467000,510.000000,204.501906,660.002919,183.768956,145.606305,61.628183,0.894945,37.220670,31.891827,32.207876,32.761015,30.922722,27.903720,26.085622,24.539842,24.963316,24.876592,20.856807,12.696411,2.948714,3.017837,2.517420,1.153581,1.009557,0.558295,51.853689,72.364869,72.418059,66.727752,66.306008,53.723290,521.552386,409.105760,460.994523,473.058322,484.169041,472.584647,1.662201,0.824880,0.426316,0.767464,0.677033,1.200957,164.388278,106.788995,37.992584,68.469856,40.005263,123.490431
Madhya Pradesh,Chhindwara,2021,0.510000,756.000000,283.750839,276.875523,169.670145,265.181760,45.192279,3.844704,36.023511,30.770678,30.224282,30.677093,31.592851,29.022970,23.293867,23.626147,22.816205,22.809892,19.885311,15.163314,1.935874,1.946722,1.769105,1.649580,1.300544,1.119474,59.343600,68.717856,72.469456,73.351524,56.482186,48.502035,526.034754,459.367187,435.839997,445.856879,578.267299,461.320522,3.989863,2.640000,2.242740,1.447123,2.761918,4.919178,192.935616,141.613151,93.959452,121.846301,144.103014,206.287397
Madhya Pradesh,Chhindwara,2022,0.351000,866.000000,152.027800,581.900263,541.613390,313.478763,82.913727,0.000000,37.515385,30.094635,29.641062,30.253898,30.164034,28.227820,24.388851,22.811933,22.612333,22.361499,18.774085,12.746607,1.303792,1.945211,1.230671,0.876970,0.713109,0.602591,44.932723,75.152345,75.869691,72.901253,59.352420,46.497619,660.991353,694.331703,701.093242,669.904764,688.893447,669.429781,4.565205,1.886575,0.986301,1.420822,1.901370,6.151233,82.904110,82.904110,82.904110,82.904110,62.178082,82.904110
Madhya Pradesh,Chhindwara,2024,0.173000,1075.000000,130.085299,483.672757,372.788750,237.568284,47.413533,0.000000,37.422659,30.442965,29.943504,30.905847,32.384304,29.541181,25.811132,23.818799,23.249884,23.127757,21.333906,14.742657,3.358036,3.374758,2.763111,2.855408,1.883833,1.442053,51.281911,75.123767,76.500006,71.547557,59.443072,48.178053,552.356953,358.756554,378.905177,422.545839,536.796921,499.721368,4.437808,2.555068,1.279452,1.327123,2.405205,2.558356,198.667123,145.133973,65.952603,91.591781,170.111233,204.393425
Madhya Pradesh,Chhindwara,2025,0.133000,450.000000,162.829643,477.185022,244.395571,234.612066,58.958433,4.884870,34.729571,29.234669,30.598292,30.497458,30.572689,28.015323,24.687220,23.036747,23.384183,23.043010,21.088891,13.623550,3.233223,3.305969,2.705910,1.071021,0.809715,0.537561,55.800700,75.663821,72.310695,69.928691,69.078772,53.128127,491.842964,374.497841,430.913349,435.922812,485.569507,497.168368,3.482740,0.918082,0.912055,1.256164,2.369589,3.177534,221.254795,167.670959,67.896986,142.521644,97.036712,207.264658
Madhya Pradesh,Damoh,2021,0.820000,605.000000,152.980107,243.284758,157.030525,190.472258,22.785543,0.158209,37.713263,32.751309,31.353003,31.888205,32.271905,29.059572,24.732635,25.275237,24.207293,23.915423,20.399091,13.933876,1.756747,1.775976,1.744569,1.475919,1.100646,1.016573,58.554687,68.057510,74.075061,72.844009,54.303877,45.319892,565.870919,472.182101,443.904414,479.049430,575.595046,458.962852,2.600974,0.680559,0.656699,0.596290,1.150389,2.768217,174.443094,79.982707,35.574595,61.773581,69.172872,153.393539
Madhya Pradesh,Damoh,2022,0.703000,878.000000,156.266259,330.707718,469.240813,182.316116,90.051705,0.000000,39.605825,33.187133,31.380690,31.813369,31.672664,29.032944,26.505364,24.408450,23.752623,23.622554,19.544748,13.392460,1.278532,1.830526,1.165189,0.870809,0.749194,0.557437,42.728905,69.437416,74.079038,71.947448,57.571456,46.744397,700.292594,718.620897,716.280241,691.476564,722.290848,693.212933,3.491749,1.412391,0.504759,0.607559,0.905670,2.230656,120.658115,120.658115,120.658115,120.658115,90.493586,120.658115
Madhya Pradesh,Damoh,2023,0.247000,850.000000,177.011611,208.816190,358.312480,196.759340,6.250290,6.736370,38.438693,33.574502,31.518775,32.375499,33.389683,29.752603,26.252165,25.305911,24.070074,24.027178,19.321653,15.504957,2.842691,2.619049,2.808231,2.317191,1.673910,1.311379,46.365969,69.992740,69.786663,67.720634,46.554312,50.662045,428.317259,492.880616,453.204399,468.448705,572.601148,434.460797,3.162514,1.473699,0.441499,0.645324,0.880359,2.544537,192.627958,101.340459,17.344379,49.234985,58.083397,139.321742
Madhya Pradesh,Damoh,2024,0.432000,905.000000,116.553860,368.365606,429.501215,286.432894,12.427310,0.000000,39.848338,32.722729,31.040743,31.830141,33.176693,29.937875,27.738678,25.257477,24.107162,23.952400,21.702119,14.956215,3.065246,2.975181,2.581246,2.588259,1.634601,1.287849,45.508008,72.480453,76.257021,71.414267,56.838325,47.647326,582.664949,436.925227,406.787693,438.614295,527.458332,468.317823,3.030393,1.570557,0.446017,0.568668,0.980620,2.869916,168.039241,108.950224,17.986479,47.070320,85.127282,134.813051
Madhya Pradesh,Damoh,2025,0.800000,755.000000,186.208617,587.089249,178.190490,195.076176,49.533434,0.435262,36.168351,30.389979,31.366075,31.759849,30.658079,27.814489,25.605066,23.727576,24.173920,23.840608,21.012535,13.185616,2.995736,2.962502,2.548212,1.021344,0.900319,0.524246,53.725200,74.893702,72.860084,68.043007,68.020477,55.044658,513.229059,397.095603,454.112053,463.090233,482.462968,482.391420,3.442104,0.862357,0.478754,0.673676,0.939052,2.310641,180.304357,110.471351,29.867978,63.393680,42.327425,143.995640
Madhya Pradesh,Datia,2021,0.000000,1000.000000,45.318482,240.995015,247.233231,151.009799,84.410954,1.525559,39.332860,34.547299,32.681822,32.961149,32.864264,29.014505,26.743901,27.015171,25.481496,24.888675,20.792296,13.047007,1.471596,1.460502,1.358927,1.198185,0.795072,0.553304,49.817020,65.105550,72.333867,73.911672,57.450763,49.927200,629.226406,496.331641,476.997072,481.909307,557.681741,412.590914,1.598118,0.635753,0.506048,0.615591,1.270430,2.221909,128.963038,70.691532,28.815188,62.284005,79.058468,142.203629
Madhya Pradesh,Datia,2023,0.009000,889.000000,113.132465,212.593641,227.065504,155.645309,3.522111,6.420429,38.281829,34.245111,33.055475,33.546937,33.803678,28.924536,26.697923,26.148543,25.305435,24.796762,19.641951,15.178854,2.620983,2.436564,2.445945,2.140889,1.522041,1.223151,49.356532,70.879435,69.045889,66.038001,48.970996,53.653828,380.925357,499.994322,489.161052,492.095649,552.986655,405.601209,2.619758,1.275269,0.519624,0.545296,1.053629,2.501478,155.454032,90.175941,20.937500,49.127419,64.059140,156.118548
Madhya Pradesh,Datia,2024,0.004000,1000.000000,90.933139,235.167607,336.478124,354.588576,0.038326,0.000000,41.337095,34.796000,32.405591,32.680078,34.406928,30.409487,28.884776,26.763348,25.070909,24.769652,21.952558,15.229494,2.900436,2.623463,2.252797,2.321524,1.451676,1.072544,43.810137,71.066217,75.762371,71.086799,53.187963,47.581169,593.504343,491.078715,430.039322,445.337155,519.116424,435.250206,3.095430,1.063306,0.384677,0.519892,1.335618,3.326478,137.268414,76.751478,12.704301,44.637231,93.677957,168.750134
Madhya Pradesh,Datia,2025,,,195.544920,511.707109,143.813678,111.093960,87.708152,0.963775,37.517749,32.219006,32.409914,33.142149,30.909034,27.978804,26.252257,24.741389,25.003783,24.636036,20.376688,12.614150,2.788081,2.752825,2.294198,1.104218,0.973590,0.504935,50.270391,72.200258,72.577497,64.479501,64.939254,53.404262,545.989643,443.720824,451.873333,496.273609,471.336162,455.813088,2.378763,0.835081,0.465860,0.776075,1.094086,2.306855,158.856452,90.760484,29.867204,63.947043,43.310753,156.340726
Madhya Pradesh,Dewas,2021,3.890000,1085.000000,189.419284,237.147988,223.560601,273.460264,83.587147,0.007985,36.429124,31.033373,30.161334,31.064489,32.374049,29.796052,24.373176,24.497420,23.062151,23.386940,20.362385,15.184022,2.156729,2.148114,1.988948,1.562082,1.145978,1.259310,56.131242,68.110179,73.677119,74.324483,55.217954,44.406164,583.988871,472.777426,418.030560,438.752299,573.765218,460.801963,3.267373,1.651964,0.644195,0.820255,1.258941,2.705705,163.108433,102.039878,38.413223,70.650313,73.511298,122.614208
Madhya Pradesh,Dewas,2022,3.043000,1098.000000,95.919415,582.698158,476.547674,196.924251,94.754000,0.000000,38.083109,29.975351,29.901804,31.308661,31.660210,30.129594,26.004769,23.219416,22.984557,23.015395,19.122421,13.808231,1.674561,2.114164,1.553396,1.090424,0.899439,0.713902,43.891449,76.185619,74.820528,70.351440,54.082233,42.816713,716.087198,741.345400,744.282202,711.625324,736.982197,719.671847,3.464259,1.561369,0.413838,0.900145,0.916278,3.325258,143.751903,143.751903,143.751903,143.751903,107.813927,143.751903
Madhya Pradesh,Dewas,2023,3.328000,1060.000000,120.744302,430.817316,84.007530,406.866147,2.991452,23.581868,36.800327,31.606622,30.513831,31.547620,33.938970,30.152592,25.228401,23.964953,23.040728,23.000585,19.391818,15.877770,3.194565,2.912497,3.078274,2.476165,1.764394,1.497244,49.668662,72.217168,69.691842,68.024242,46.085770,50.478983,463.716714,419.412167,440.897755,451.755760,602.955825,457.002295,3.540823,1.888645,0.395779,1.329247,0.823527,2.375205,208.470428,124.447960,30.426214,72.863040,57.489825,115.216438
Madhya Pradesh,Dewas,2024,3.361000,1115.000000,121.489478,367.203980,297.941473,230.097611,41.596400,0.000000,37.572085,30.774169,30.129733,31.188856,33.194178,30.442308,25.905222,24.020856,23.403173,23.101998,21.564351,14.995873,3.253526,3.142085,2.710354,2.564128,1.692363,1.269147,50.004557,73.828386,75.778344,70.308459,55.690342,44.884279,582.440801,350.867368,391.387357,432.817948,547.405057,502.469387,4.006336,1.339062,0.473931,0.671814,1.033232,2.512034,172.870715,121.364399,28.666541,57.128357,80.119496,130.725206
Madhya Pradesh,Dewas,2025,3.450000,1050.000000,139.488352,311.019710,242.221499,240.865691,44.890727,1.882253,34.735312,29.909350,30.732041,30.951563,31.162138,28.844355,24.622629,23.212795,23.222317,22.448096,20.182677,13.336826,3.255438,3.344122,2.622301,1.195988,1.044996,0.574974,54.848954,73.039563,70.507224,65.336373,62.142328,49.629642,521.078645,379.320342,437.212934,451.099800,506.476002,501.731579,4.145338,1.203799,0.665791,0.952879,1.020823,2.203783,181.742944,137.498526,36.613044,85.200551,43.832933,144.764409
Madhya Pradesh,Dhar,2021,2.410000,1189.000000,128.698009,192.814368,145.071043,252.571675,71.012285,8.667777,35.916520,30.810370,30.074372,30.836692,32.390606,30.081324,24.666216,24.331661,23.004637,23.225086,20.470732,15.844230,2.618730,2.697696,2.283802,1.897422,1.313685,1.472252,56.441204,68.506643,72.861803,75.166041,55.866205,44.219772,591.455587,472.347868,424.503453,424.158705,567.951088,457.941121,2.815223,0.943194,0.433295,0.912078,1.503980,3.767625,171.745579,98.114979,31.686905,71.117140,81.501932,133.868118
Madhya Pradesh,Dhar,2022,2.189000,1225.000000,72.867481,319.048748,263.671246,212.069947,84.795888,0.000000,37.392163,29.822566,29.981802,31.362338,31.974992,30.559557,25.605547,23.247075,23.084606,23.040731,19.621599,14.800508,1.969728,2.371136,1.536426,1.183945,0.936383,0.704275,45.981625,75.191645,74.641590,69.814938,53.629306,42.849727,734.179064,758.535335,754.346902,725.590267,757.337922,732.211361,3.707008,1.089329,0.360631,0.969542,0.964344,3.788004,131.323459,131.323459,131.323459,131.323459,98.492595,131.323459
Madhya Pradesh,Dhar,2023,2.704000,1175.000000,81.334516,359.328797,79.485643,476.259485,0.000000,52.003350,36.438404,31.118446,30.311682,31.372512,34.056218,30.552163,25.124728,23.711361,23.011722,22.936017,19.788144,16.527807,3.470862,3.332729,3.327279,2.743565,1.939188,1.799815,48.815473,71.836072,69.396340,68.380993,47.212991,50.011477,479.769462,406.459916,434.077177,454.534751,606.277422,462.374152,3.334009,1.446116,0.302834,1.206331,0.904328,3.146331,208.697666,116.276662,26.844327,73.005455,60.924094,135.487926
Madhya Pradesh,Dhar,2024,2.812000,1275.000000,130.430648,247.163655,267.664701,286.777123,79.524865,0.000000,36.971612,30.682766,29.980225,30.944770,33.022400,30.628501,25.730342,24.133960,23.368218,22.957875,21.669201,15.380727,3.456941,3.484324,2.932083,2.760289,1.800034,1.443214,51.453459,73.440487,75.340329,70.355575,57.182542,44.409125,585.519309,352.808419,385.512229,437.670818,545.708421,506.181546,3.785071,1.620990,0.431989,0.644323,1.142239,2.559495,171.948479,108.722961,24.911691,54.483963,87.509267,142.151115
Madhya Pradesh,Dhar,2025,2.965000,1185.000000,193.339906,180.088271,262.892726,257.957223,81.527308,4.166634,34.212139,30.049124,30.517262,30.587805,31.070913,28.754369,24.577258,23.309770,23.125890,22.312915,20.224768,14.019611,3.441036,3.713896,2.841970,1.414321,1.089994,0.554090,55.935227,71.159619,70.210088,65.810342,62.396926,51.651897,522.767034,398.635895,434.867811,444.428663,501.706965,500.012381,3.355723,1.205110,0.376177,1.047165,1.144405,2.413179,166.555369,120.436199,31.290629,94.435878,17.578961,155.416060
Madhya Pradesh,Guna,2021,2.520000,614.000000,111.868504,339.812561,646.987183,214.368033,77.759328,5.739710,37.814240,32.452808,30.830773,31.828056,32.575941,29.365382,25.513320,25.676077,23.720529,23.915001,20.131918,13.661724,1.852241,1.726594,1.901049,1.382853,0.984548,0.937450,50.637118,66.076310,74.538491,74.359421,53.818999,42.721193,625.187329,474.269893,432.465813,458.788165,578.652780,446.262499,1.817248,0.656144,0.480171,0.616094,1.371643,2.566030,163.581273,77.520228,29.903555,54.459263,74.703714,140.037061
Madhya Pradesh,Guna,2022,2.815000,982.000000,147.089197,430.717692,507.755117,249.493754,92.213871,0.000000,39.345756,32.055510,30.615757,31.899513,32.012773,29.805913,26.919454,24.016832,23.412676,23.391270,19.069067,13.241261,1.347703,1.875814,1.302340,1.083765,0.811603,0.628744,42.410679,73.082210,75.197717,70.032061,53.750955,43.483582,736.482916,761.314276,761.962976,736.072977,760.674452,736.464440,3.447213,1.499207,0.453814,0.635742,0.885999,2.690005,115.085740,115.085740,115.085740,115.085740,86.314305,115.085740
Madhya Pradesh,Guna,2023,1.454000,945.000000,156.246893,253.824645,124.972765,165.138676,0.160099,5.666386,37.271011,32.903359,31.514286,32.673882,34.064349,29.520140,25.869133,24.923088,23.819690,23.581415,19.402537,15.308114,2.953543,2.727174,2.867462,2.360023,1.682337,1.342576,49.343930,70.566230,69.015940,65.815836,45.343689,50.891445,436.235672,470.190282,468.499026,484.994261,581.874514,435.422169,3.837914,1.836149,0.398274,0.653714,0.872157,2.931435,181.943637,103.801927,19.354290,49.720174,55.924256,138.341347
Madhya Pradesh,Guna,2024,0.945000,916.000000,146.046052,316.262864,469.172482,239.884703,1.974188,0.000000,39.391116,32.729394,30.477989,31.762892,33.925115,30.496292,27.384047,25.227767,23.809703,23.537955,21.322061,14.650417,3.086332,2.998429,2.595559,2.459738,1.550350,1.136255,46.851404,71.406642,76.693926,69.955194,51.886362,43.919871,581.233121,441.306608,391.405072,452.207716,539.951802,475.810595,3.496160,2.590680,0.346291,0.439653,1.029529,3.391638,149.029858,108.263566,13.233304,39.239296,75.186605,156.175949
Madhya Pradesh,Guna,2025,0.333000,685.000000,267.739378,747.988624,246.905542,173.362784,74.667405,3.343937,36.041686,30.260991,31.249265,31.881844,30.746288,28.257065,25.299938,23.666828,23.796709,23.306313,19.736582,12.746858,3.013015,3.088491,2.529140,1.044683,0.964421,0.449679,51.940271,74.460245,71.197000,64.021529,62.178120,49.561844,530.073685,386.371528,463.675539,486.693239,494.547672,484.699189,3.389244,0.759145,0.403024,0.613157,1.036828,2.561328,162.089577,122.847887,26.387857,65.114186,38.130820,179.354463
Madhya Pradesh,Harda,2021,1.680000,965.000000,195.006660,297.651130,176.172540,266.844949,102.745633,2.559014,36.534162,30.911118,30.303668,31.029364,32.366187,30.010920,24.114671,24.360628,23.042685,23.388927,20.445191,15.883530,1.895665,1.958343,1.738138,1.466055,1.167002,1.208129,58.057530,68.975506,73.867391,74.416686,54.879470,45.134714,560.242454,466.333428,422.053195,439.439286,576.844976,464.332741,3.275337,1.452276,0.799100,0.702530,1.193200,2.503636,172.618674,94.922337,40.877022,59.145998,65.843385,135.826842
Madhya Pradesh,Harda,2022,1.623000,800.000000,112.219298,698.734890,442.661970,244.026743,90.411528,0.000000,38.201100,29.857126,30.138346,31.195339,31.440271,30.090705,25.855418,23.232021,23.072623,22.988236,19.248500,13.797548,1.596900,2.138424,1.554902,1.145837,0.952758,0.787826,43.865065,76.466115,74.495993,70.668605,55.055887,42.528440,684.638144,700.257051,714.707496,682.685125,700.986790,688.777214,3.204804,1.276026,0.522203,0.685113,0.934500,3.283688,148.193707,148.193707,148.193707,148.193707,111.145280,148.193707
Madhya Pradesh,Harda,2023,1.693000,900.000000,101.676823,533.157867,144.713330,385.974325,2.156911,31.108186,37.467814,31.428707,30.347107,31.313215,33.813243,30.454889,25.550806,23.948430,23.029269,23.017123,19.402128,16.045183,2.996140,2.699826,2.883240,2.257830,1.642572,1.356454,47.784448,73.160324,70.538974,69.309232,47.150568,50.997211,468.443899,399.317854,431.033320,436.280137,607.160648,464.198717,3.689618,1.584670,0.719619,0.778658,0.895579,3.227376,219.515896,112.417172,27.007743,45.983535,56.148041,130.600236
Madhya Pradesh,Harda,2024,1.778000,902.000000,126.460825,389.838099,389.019204,220.088330,85.483333,0.000000,37.761418,30.684959,30.339782,31.245215,33.098064,30.442474,25.912496,23.910054,23.457752,23.138241,21.750219,15.150042,3.089408,2.948275,2.623542,2.454290,1.695751,1.280177,49.509025,74.262218,75.853634,70.766328,58.044976,46.739125,580.719566,342.947081,393.942189,432.079581,545.315700,508.826084,3.958075,1.110308,0.633311,0.517910,1.148189,3.135496,179.872013,109.458417,27.494429,42.886300,79.970193,146.846861
Madhya Pradesh,Harda,2025,0.890000,640.000000,184.463890,425.927639,260.641356,288.566498,69.069174,1.187999,34.880021,29.770313,30.819806,30.847673,31.346766,29.254896,24.602996,23.158721,23.321151,22.569319,20.907084,13.913220,3.007587,3.073046,2.480578,1.166929,1.093029,0.718462,55.675828,74.555951,71.302442,67.229847,64.597778,51.040457,511.984662,374.712015,441.896110,443.212637,498.716734,502.395313,2.979097,0.905783,0.991577,0.678176,1.194439,1.945061,181.694401,133.761921,32.528510,66.940626,52.297913,154.440882
Madhya Pradesh,Hoshangabad,2021,0.710000,805.000000,304.840430,339.839241,252.323160,260.128810,64.456830,5.183853,36.453736,30.892145,30.292565,31.055569,32.048878,29.478907,23.888046,24.312667,23.196526,23.340719,20.210695,15.285511,1.961960,1.974619,1.794767,1.521667,1.115153,1.149667,59.055361,69.147266,74.024264,74.002162,55.612244,46.189121,553.675993,467.125590,431.944335,452.760557,583.256478,464.931316,2.154077,0.705427,1.937519,0.606452,2.600572,3.669507,148.528819,68.435724,71.219218,53.845119,108.748236,171.142183
Madhya Pradesh,Hoshangabad,2022,0.702000,805.000000,135.229800,674.989917,705.285890,308.535683,88.806622,0.000000,38.194068,30.108775,30.063887,30.953206,31.091864,29.445315,25.351998,23.321408,23.072865,22.821883,19.154170,13.310766,1.516982,2.004571,1.430492,1.061242,0.842557,0.714957,43.564641,76.650826,75.418079,71.105755,56.554559,44.684673,666.824155,664.479349,689.358275,677.381479,692.387852,677.054959,2.034140,0.801696,1.720743,0.661325,1.954226,3.182879,114.812341,114.812341,114.812341,114.812341,86.109256,114.812341
Madhya Pradesh,Hoshangabad,2023,0.351000,835.000000,165.874062,474.577969,250.969150,352.818195,4.192501,29.985768,37.536158,31.625431,30.332690,31.399009,33.460542,30.110910,25.483338,24.058998,23.049268,23.048496,19.143793,15.784489,3.035325,2.723774,2.937599,2.287877,1.674072,1.352760,47.502189,73.001451,70.616539,68.794869,46.710983,50.615673,460.379115,420.740662,435.736768,446.858331,600.913516,458.123618,2.267352,0.818881,2.068848,0.684766,2.047696,3.634918,171.088727,78.718934,34.132558,40.089514,91.255386,174.986999
Madhya Pradesh,Hoshangabad,2024,0.379000,1008.000000,133.238891,509.651942,468.906768,232.796067,71.859262,0.000000,37.780001,30.615131,30.188634,31.396804,32.787304,29.920012,25.890172,24.044127,23.587655,23.358833,21.574299,14.830431,3.156809,2.979212,2.540274,2.598780,1.745586,1.344208,49.995494,76.368060,77.412796,70.700260,58.664069,47.717077,571.211221,348.400996,388.516833,442.042975,542.585505,500.075478,2.696620,0.766642,1.914516,0.623877,2.971329,3.886640,135.794541,74.254864,41.224402,37.714945,130.657326,187.362270
Madhya Pradesh,Hoshangabad,2025,0.400000,540.000000,201.233488,724.133209,282.263097,318.843658,71.839174,0.284729,35.000504,29.315959,30.799307,30.813399,30.841341,28.608844,24.627189,23.111332,23.509364,22.895252,21.028505,13.799717,3.057645,2.960882,2.484978,1.126625,0.978868,0.600404,55.609354,76.738715,72.884265,68.223875,67.463081,53.016673,505.121626,371.596006,433.495809,452.853502,490.584484,495.620529,1.995149,0.469135,1.952433,0.658829,2.493996,3.669901,152.615899,87.874967,45.334675,62.659081,76.658417,194.700428
Madhya Pradesh,Indore,2021,2.220000,1100.000000,150.580673,218.575061,202.109617,292.988658,83.184291,3.343504,35.851913,30.661474,29.759088,30.747456,32.153545,29.592704,24.269025,24.218806,22.845477,23.085519,20.078937,14.929645,2.649145,2.634898,2.335474,1.894590,1.366227,1.502491,55.913129,68.549464,74.243283,74.621599,54.972766,43.389276,590.044318,472.517331,416.991108,433.958811,565.237743,455.624739,3.451853,1.311342,0.568325,0.721063,1.013151,3.068041,158.329918,107.956798,37.751253,59.286898,61.102752,113.165025
Madhya Pradesh,Indore,2022,1.859000,1175.000000,70.784759,396.513074,366.273692,246.521648,104.821115,0.000000,37.306305,29.519768,29.440646,30.899630,31.506908,29.899758,25.461720,23.072683,22.836378,22.797778,19.170778,13.994025,2.104251,2.393220,1.849488,1.349002,1.051386,0.796735,45.289461,76.773047,76.182478,71.282923,54.188178,43.444014,728.132699,752.341023,752.286395,716.220504,748.718509,729.359353,3.939322,1.193717,0.349317,0.741285,0.723923,3.800547,145.334681,145.334681,145.334681,145.334681,109.001011,145.334681
Madhya Pradesh,Indore,2023,2.179000,1080.000000,115.674589,443.300643,70.066896,507.136903,0.222892,36.921214,36.150013,31.339867,30.199342,31.382319,33.875294,29.956596,24.856388,23.789220,22.880421,22.831714,19.319328,15.782319,3.458127,3.099813,3.229897,2.610512,1.859444,1.677613,50.452938,72.355727,69.790618,68.157921,45.556509,49.808649,465.737867,419.813688,439.901650,454.376391,602.519244,454.341497,3.626614,1.451690,0.402598,1.134346,0.683594,2.735068,209.753290,130.430007,32.159523,65.430996,48.253421,111.723085
Madhya Pradesh,Indore,2024,2.179000,1175.000000,141.684298,302.066090,277.778610,240.944079,66.804849,0.000000,36.857724,30.376098,29.656547,30.810303,32.827094,30.227206,25.452989,23.901929,23.176479,22.822164,21.292551,14.996003,3.485816,3.410682,2.866227,2.719760,1.781719,1.428502,52.100181,74.708707,76.196749,70.651715,56.986064,44.814618,576.967001,344.821110,381.193690,427.907984,544.890748,502.570581,4.074868,1.492860,0.452032,0.612264,0.850485,2.208153,173.130370,124.573252,29.406588,51.660858,68.971505,120.358423
Madhya Pradesh,Indore,2025,2.140000,1015.000000,153.984287,203.921711,277.876613,271.383442,58.067780,3.586725,34.161898,29.629158,30.280162,30.649111,30.939946,28.632518,24.371589,23.029537,22.860491,22.000745,19.916121,13.296635,3.431061,3.600243,2.704802,1.369061,1.116468,0.610490,56.088211,72.585997,71.153206,65.528943,62.569291,50.250760,508.574356,382.492636,423.279702,437.033611,501.030261,502.600759,4.020412,1.165284,0.472810,0.866752,0.792763,2.209490,170.233362,127.942822,35.712982,78.604651,21.274668,131.465044
Madhya Pradesh,Jabalpur,2021,0.000000,1000.000000,168.348061,240.844071,110.888950,237.738036,30.840997,0.125556,36.792840,31.834855,30.939400,31.474361,31.938790,28.946053,24.250495,24.681039,23.935875,23.612344,20.537458,14.414059,1.926672,1.985371,1.935037,1.675120,1.246652,1.046125,60.034096,69.355764,73.894889,73.057420,56.062148,47.320566,544.787915,467.254855,446.643565,470.030635,576.564234,458.674785,1.100000,0.600000,0.700000,0.700000,2.200000,2.400000,167.600000,74.100000,47.300000,72.600000,125.100000,184.000000
Madhya Pradesh,Jabalpur,2022,0.001000,1000.000000,157.537988,380.432191,460.282020,231.223931,76.457848,0.000000,38.715533,32.206113,30.973842,31.375401,31.205593,28.933199,25.622530,23.753217,23.471135,23.191055,19.256064,12.809535,1.242346,1.789035,1.203470,0.939279,0.762862,0.550091,44.453017,71.287861,74.301292,72.083423,58.383286,46.712665,674.551331,702.263350,701.827439,678.782991,698.260195,680.123672,1.700000,1.000000,0.500000,0.600000,1.300000,1.800000,73.600000,73.600000,73.600000,73.600000,55.200000,73.600000
Madhya Pradesh,Jabalpur,2024,0.004000,1000.000000,122.982391,505.508903,472.579072,256.492180,9.912396,0.000000,38.630128,31.429428,30.488616,31.442337,32.739602,29.653620,26.756042,24.433516,23.798072,23.592881,21.467134,14.585563,3.092072,2.887266,2.503544,2.575526,1.714263,1.299414,48.087005,75.204703,77.344219,71.442041,58.314427,48.139634,565.784503,394.001814,389.508068,429.861716,524.365444,479.805273,1.800000,0.900000,0.500000,0.600000,1.500000,1.400000,129.000000,95.400000,23.000000,47.700000,119.800000,170.300000
Madhya Pradesh,Jabalpur,2025,0.000000,540.000000,201.636255,628.237654,236.457293,221.418261,71.675121,1.555932,35.184887,29.726746,30.984384,31.286049,30.436847,27.693883,25.090013,23.500112,23.915432,23.527462,21.111108,13.014244,2.967183,2.854353,2.434238,1.049100,0.865038,0.509181,55.652788,76.672399,73.836345,68.673838,68.964540,53.482357,504.643408,393.452910,440.591375,454.382312,481.977885,483.920942,1.500000,0.700000,0.600000,0.600000,1.100000,1.700000,167.300000,94.700000,36.400000,78.100000,61.400000,182.100000
Madhya Pradesh,Jhabua,2021,0.670000,916.000000,115.248181,218.635555,172.579940,252.636950,54.176464,6.763232,35.961197,30.911210,30.143455,31.017681,32.494602,30.146408,24.887655,24.489328,23.142604,23.392478,20.537967,15.592919,2.784357,2.875331,2.322536,2.012378,1.330838,1.521813,56.476075,68.022414,72.575232,74.880870,55.590219,43.554499,602.951502,483.211143,430.579407,426.538594,572.733767,458.118804,3.138257,0.878167,0.477141,0.920464,2.060656,3.888680,177.320391,95.908399,35.062740,78.837522,106.231932,153.512208
Madhya Pradesh,Jhabua,2022,0.714000,1115.000000,61.828942,308.953276,291.806020,173.718175,60.790085,0.000000,37.417522,29.939081,30.068102,31.857959,32.298541,30.995511,25.783323,23.364230,23.157882,23.213925,19.659704,14.830349,2.132974,2.428015,1.557259,1.250895,1.002043,0.682855,46.113698,74.834097,74.452169,67.608847,52.188057,41.832136,743.106993,767.038192,763.302615,736.725978,765.905670,741.419406,3.831682,1.270214,0.357549,0.874818,1.292645,3.748488,105.940336,105.940336,105.940336,105.940336,79.455252,105.940336
Madhya Pradesh,Jhabua,2023,0.743000,925.000000,80.657736,360.996263,94.462161,503.755227,0.000000,44.738640,36.245495,31.194452,30.333329,31.435929,34.093100,30.597091,25.138199,23.794423,23.051279,23.028335,19.793663,16.522372,3.459717,3.354852,3.321731,2.726949,1.919083,1.779853,49.209978,71.531847,69.429421,68.502653,47.234847,50.098853,482.296391,412.520307,438.286551,461.130471,606.618397,462.270574,3.034320,1.263295,0.350956,1.008693,1.358421,3.204506,213.842915,115.175254,29.095710,74.124563,84.426278,160.818789
Madhya Pradesh,Jhabua,2024,0.795000,971.000000,106.364602,234.544704,329.968857,364.838515,44.707025,0.000000,37.168326,30.856901,29.953582,30.918351,33.070684,30.605551,25.997593,24.164640,23.342306,22.961671,21.612401,15.260434,3.368350,3.496041,2.951044,2.766141,1.729236,1.362510,49.195799,72.209201,75.221578,70.398171,56.104016,43.791184,597.727227,372.415851,388.000495,441.412540,547.514925,504.400176,3.661892,1.259707,0.389438,0.697394,1.592778,3.369229,172.936411,108.495815,26.041134,59.184615,113.831224,172.285188
Madhya Pradesh,Jhabua,2025,0.830000,955.000000,244.795063,226.550514,251.886125,257.401493,98.004076,0.603207,34.348336,29.947566,30.600843,30.896465,31.136004,28.653400,24.768461,23.295119,23.220882,22.615658,20.171886,14.012284,3.374360,3.729636,2.818857,1.348488,1.092694,0.514194,55.966667,72.266084,70.381904,65.192840,61.382326,50.627082,526.917418,392.276100,436.967536,461.817675,509.702074,498.577577,2.835539,1.125684,0.700809,0.852130,1.445344,2.802773,169.646318,126.007249,39.433655,98.904915,21.557923,189.277545
Madhya Pradesh,Khandwa,2021,1.760000,1100.000000,129.578104,244.402821,153.604023,271.411869,99.183792,1.712328,36.264443,30.888298,30.397380,30.970756,32.463234,30.246801,24.365836,24.373805,23.091565,23.372631,20.610420,16.554622,1.914110,1.973930,1.757007,1.451643,1.133955,1.207747,57.344503,69.046379,72.902682,74.796337,55.874382,46.713646,559.091877,462.511655,428.171797,429.715600,574.517840,462.729686,3.215735,1.062007,0.513792,0.988336,1.749696,3.012559,159.883854,95.767047,31.576353,83.504366,99.948732,144.263408
Madhya Pradesh,Khandwa,2022,1.644000,1165.000000,124.886306,551.570603,317.201481,241.893407,96.443379,0.000000,37.774806,29.806743,30.330384,31.148457,31.491092,30.211864,25.730443,23.163335,23.111535,22.960492,19.212734,13.883121,1.548555,2.074773,1.537166,1.185091,1.009787,0.835387,46.958033,76.067543,73.158444,70.615223,55.151445,42.167664,673.983439,698.522306,705.587511,673.351339,700.651502,692.054272,3.694787,1.419780,0.412966,0.887683,1.201634,3.442845,128.779685,128.779685,128.779685,128.779685,96.584764,128.779685
Madhya Pradesh,Khandwa,2023,1.924000,1030.000000,79.830987,418.010114,85.992698,422.219272,2.852881,42.327380,37.037262,31.217874,30.433077,31.331632,33.984675,30.743502,25.406463,23.897964,23.092707,23.070126,19.715938,16.545925,3.186777,2.891101,3.035222,2.453114,1.748983,1.522303,50.184057,73.903027,70.431566,69.735940,48.190424,51.595615,476.976178,385.620210,432.162065,432.691528,610.646603,468.503969,2.826928,1.308634,0.323928,0.936450,1.140221,2.580771,200.130619,103.864678,24.105293,63.003801,75.922543,137.312141
Madhya Pradesh,Khandwa,2024,1.962000,1102.000000,147.576438,353.012369,307.941195,235.468413,70.702491,0.000000,37.269333,30.632580,30.329938,31.227618,33.198438,30.673347,25.674222,23.992521,23.510532,23.132574,21.828601,15.322609,3.202628,2.930741,2.605067,2.502097,1.686510,1.266509,51.726258,75.065398,75.861939,70.478570,57.605056,45.361818,569.029716,333.543891,383.715838,424.697781,546.056278,509.061810,3.882730,1.113422,0.450894,0.749959,1.523548,2.519522,172.235861,100.543362,26.022882,59.773775,107.498174,149.905190
Madhya Pradesh,Khandwa,2025,1.780000,700.000000,161.169636,263.527221,268.630558,258.840803,47.020929,1.474363,34.645048,30.042382,30.774725,30.737610,31.429393,29.198737,24.602074,23.342303,23.307241,22.414644,20.605955,13.608907,3.133953,3.198461,2.565203,1.179554,1.118973,0.690410,55.962561,73.304932,70.873496,65.846831,62.154113,50.136626,526.350554,384.646614,429.078714,433.494500,504.832741,502.093184,3.055036,1.156684,0.562163,0.835775,1.365976,2.160536,170.849287,122.393088,28.449731,87.824584,58.860027,161.721485
Madhya Pradesh,Khargone,2021,0.620000,914.000000,105.937796,172.609433,124.640008,261.716804,76.016281,3.744895,36.113645,30.854583,30.382445,30.979663,32.566014,30.515131,24.553199,24.335456,23.053328,23.281523,20.620796,16.660842,2.267081,2.301690,1.926794,1.667896,1.199517,1.403733,56.498176,68.756115,72.752609,75.008093,56.354700,46.515420,570.959703,460.058124,424.764707,421.708790,570.740488,460.789978,2.238026,0.809568,0.491527,1.152479,2.153653,3.053955,159.623303,92.034909,33.110390,94.965569,118.715390,149.732786
Madhya Pradesh,Khargone,2022,0.585000,1087.000000,80.181072,369.845226,217.335955,221.433580,84.839837,0.000000,37.655555,29.957425,30.590029,31.697018,32.039821,30.877851,25.624809,22.877251,23.041359,23.105837,19.727832,14.517261,1.819414,2.276060,1.455358,1.141467,0.924328,0.724896,45.796548,74.018430,72.388167,68.986513,54.208153,41.795660,706.189435,741.149127,729.508994,708.307310,736.072281,707.029058,2.901228,1.128001,0.378563,0.916590,1.449464,3.432219,111.994736,111.994736,111.994736,111.994736,83.996052,111.994736
Madhya Pradesh,Khargone,2023,0.735000,850.000000,43.648939,303.174127,63.961063,485.993516,0.814652,58.322993,36.871366,31.024012,30.374163,31.312689,34.116160,30.885121,25.208746,23.679948,22.979291,22.906722,19.797565,16.762463,3.457757,3.238858,3.231036,2.648990,1.868092,1.732356,48.406026,72.572457,69.597931,69.066669,47.785313,50.784079,482.161371,386.258574,430.479264,437.886391,609.224957,466.816292,2.430487,1.444185,0.359672,0.772755,1.259695,2.344218,189.789953,97.254630,25.156086,63.508580,86.378194,141.352915
Madhya Pradesh,Khargone,2024,0.845000,1000.000000,123.784217,315.215796,233.082404,224.885523,69.119972,0.000000,37.064566,30.601958,30.250156,31.225301,33.244671,30.991338,25.606856,23.958066,23.404014,23.052847,21.865765,15.657434,3.289391,3.340678,2.846630,2.728539,1.690434,1.335245,50.340391,73.776964,74.734563,69.752062,56.412706,44.426414,579.777619,340.104163,389.902301,437.290094,548.100978,512.290174,3.260342,1.273800,0.400155,0.912994,1.810878,2.779516,163.168748,92.814893,26.025456,66.460612,127.161782,165.231922
Madhya Pradesh,Khargone,2025,0.650000,600.000000,151.454807,146.663355,284.205253,230.686540,45.028295,5.043488,34.312306,30.143868,30.752410,30.546423,31.392226,29.454156,24.495623,23.281312,23.140312,22.209626,20.315802,14.141524,3.400661,3.634571,2.753166,1.364612,1.140167,0.895256,55.691847,70.931757,69.048537,65.651040,62.684427,52.193724,528.767052,396.737307,442.231352,445.843487,509.916613,503.239296,2.614605,1.125713,0.494563,0.845754,1.590944,2.612175,161.042497,115.056658,29.056797,94.950963,62.878770,174.101865
Madhya Pradesh,Mandsaur,2021,2.450000,975.000000,110.948070,346.178120,344.068959,288.350100,52.019253,26.901257,36.940033,31.966027,30.714204,31.671368,32.561561,29.493604,25.449790,25.448150,23.723847,23.976822,20.363633,13.913412,2.498367,2.307102,2.174750,1.676590,1.099561,1.014696,51.427212,66.260351,71.847354,73.937822,53.298811,42.505971,637.354757,478.267748,448.450911,453.575314,575.586305,445.233005,2.315055,0.955131,0.427123,0.628917,0.979359,2.395705,166.048984,81.733267,28.049065,56.437059,62.424119,119.642609
Madhya Pradesh,Mandsaur,2022,2.531000,1145.000000,70.352177,447.305452,614.607742,117.907311,97.946383,0.000000,38.579544,31.141776,30.246543,31.867362,32.037874,30.258066,26.702550,24.035424,23.399391,23.246088,19.050301,13.655535,2.007535,2.171878,1.723724,1.360710,1.115487,0.943688,44.951870,74.606844,75.180047,69.053969,52.487669,42.068721,747.296283,772.115679,769.895026,742.032385,768.633985,744.356895,3.442745,0.800610,0.311725,0.652748,0.625536,3.391398,136.044697,136.044697,136.044697,136.044697,102.033523,136.044697
Madhya Pradesh,Mandsaur,2023,3.227000,977.000000,104.422797,373.360004,48.625485,279.623925,0.000000,13.365106,36.286543,32.440115,31.378050,32.473154,34.260034,29.579428,25.193815,24.639836,23.708475,23.604034,19.681908,15.444811,3.223926,2.975460,3.074842,2.579145,1.802113,1.527437,52.291140,71.516695,68.624659,66.556622,45.477391,50.406010,447.394939,467.405527,479.074883,485.258149,589.722288,440.499918,3.173603,1.482393,0.342791,1.093654,0.625920,2.152174,200.581394,97.415126,21.217938,72.083131,45.459535,125.489210
Madhya Pradesh,Mandsaur,2024,3.162000,1015.000000,112.224033,345.550686,327.004730,194.672087,25.130207,0.000000,38.358026,32.185121,30.218976,31.645786,33.745073,30.595492,26.744801,24.985767,23.801606,23.602865,21.439643,15.073981,3.391133,3.206100,2.746887,2.723304,1.745457,1.325478,49.450465,71.430861,76.762704,70.584566,54.661345,44.353542,595.902986,424.507239,391.200721,442.485755,542.577571,486.435324,3.024145,1.342621,0.342373,0.540148,0.827875,2.230930,161.601323,103.121895,15.305083,48.747301,67.777114,135.610561
Madhya Pradesh,Mandsaur,2025,2.800000,885.000000,174.654102,438.714447,230.146356,192.440198,92.160993,1.286642,35.312113,30.275840,31.292879,31.688477,30.778491,28.400664,25.077803,23.801531,23.736100,22.913026,19.618412,12.967009,3.312692,3.473010,2.625396,1.214274,0.998757,0.620039,54.827431,73.087160,70.422297,62.976153,60.371500,49.721743,533.523370,390.107935,435.857971,463.941197,501.064601,487.151050,3.867089,1.479515,0.509440,0.836934,0.679885,1.566363,173.351327,112.387190,24.013032,83.261748,10.933406,143.104063
Madhya Pradesh,Narsimhapur,2021,0.210000,776.000000,250.350106,228.491525,144.790871,234.688075,25.898459,0.383071,36.963328,31.735865,30.801297,31.344257,32.064814,29.004872,24.104086,24.515094,23.678476,23.498581,20.330915,14.626896,2.056973,2.097058,2.013631,1.641919,1.242328,1.141165,59.146214,68.418206,73.050231,73.077901,54.896937,46.057416,552.897292,469.909485,444.480891,463.513271,581.964831,462.150201,4.446934,0.957414,1.290412,0.778707,1.748606,2.200557,136.864103,83.293200,86.155407,71.048272,112.297993,165.963211
Madhya Pradesh,Narsimhapur,2022,0.210000,943.000000,119.516892,410.457180,556.920111,278.446053,91.910243,0.000000,38.910408,31.869607,30.605093,31.016523,31.121973,28.418462,25.203928,23.377668,22.967773,22.879523,19.449285,13.416466,1.377034,1.884331,1.300198,0.952590,0.816485,0.628300,42.254626,71.091738,73.682079,71.749335,58.161112,47.253087,678.852222,699.962900,703.444291,679.236191,702.779620,669.980524,1.576366,0.873356,0.963211,0.670792,1.536232,1.815050,72.809810,72.809810,72.809810,72.809810,54.607358,72.809810
Madhya Pradesh,Narsimhapur,2024,0.337000,911.000000,118.002648,436.302801,418.468463,262.233497,22.713495,0.000000,38.772536,31.493709,30.575893,31.609385,32.941023,29.900214,26.858259,24.399115,23.774598,23.659154,21.660259,14.992305,3.027698,3.007874,2.547261,2.581951,1.665339,1.336375,47.979892,73.799626,76.651719,70.988543,57.605862,48.037182,567.718126,391.676372,396.208254,437.564218,529.463802,485.840479,2.048718,0.940691,0.945262,0.533110,1.531327,2.296321,138.596544,89.291081,51.191416,48.046823,109.826756,160.332999
Madhya Pradesh,Narsimhapur,2025,0.350000,611.000000,168.167822,704.564385,256.400703,265.316698,48.970191,0.000468,35.534355,29.737559,30.985252,31.159587,30.716589,28.001272,25.166191,23.366632,23.780167,23.363061,21.074803,13.530155,2.886218,2.887523,2.465775,1.042724,0.907507,0.521068,54.743059,75.977217,73.009451,68.609312,68.351024,55.206962,506.362662,386.860734,436.151488,451.665970,488.399468,491.238822,2.019064,0.352508,0.890301,0.657079,1.587402,3.259643,160.394649,100.497213,55.678818,75.142140,71.705240,166.147826
Madhya Pradesh,Neemuch,2021,1.480000,1005.000000,103.755171,255.621934,344.192446,329.756952,52.557760,59.445555,36.994596,32.127216,30.877362,31.820686,32.551086,29.391512,25.575585,25.623457,23.801050,24.014520,20.259185,13.719722,2.355047,2.208907,2.055541,1.614422,1.026786,0.884344,50.363739,65.454892,70.322381,73.943181,53.558554,43.498093,647.806877,490.753340,460.633120,454.543994,576.200205,440.209011,2.987529,1.071259,0.493613,0.596231,0.963133,2.654807,166.446270,86.385044,32.109616,55.024099,62.346118,122.364673
Madhya Pradesh,Neemuch,2022,1.271000,1135.000000,62.816828,434.690588,539.749146,99.630140,79.882390,0.000000,38.647751,31.166576,30.396276,32.301741,32.166543,30.241409,26.887855,24.226061,23.596348,23.446649,19.091765,13.691979,1.962782,2.123643,1.613242,1.290147,1.053724,0.845349,44.417028,75.256165,75.316001,67.222732,51.776352,42.044707,748.912558,773.290821,771.451663,745.214658,770.050233,745.479078,3.407710,1.183379,0.379500,0.728032,0.701642,3.265409,133.289577,133.289577,133.289577,133.289577,99.967183,133.289577
Madhya Pradesh,Neemuch,2023,1.253000,990.000000,139.872910,301.616184,44.008269,194.075083,0.000000,15.003599,36.091944,32.511566,31.550094,32.631654,34.252547,29.544509,25.096653,24.681598,23.790903,23.633850,19.743643,15.443167,3.208934,3.006725,3.115830,2.592523,1.829346,1.554062,52.829358,71.118868,68.350828,66.520128,45.574193,50.375601,448.324341,476.372237,490.430934,492.217963,588.340605,438.773125,3.422373,1.756314,0.415939,1.144407,0.651366,2.171767,203.720187,102.013557,24.488072,71.947116,45.354178,128.212773
Madhya Pradesh,Neemuch,2024,1.165000,1000.000000,109.506339,302.488398,359.375453,178.849685,31.749794,0.000000,38.525366,32.502763,30.199903,31.777419,33.724612,30.616320,26.944012,25.149252,23.806531,23.726634,21.413777,15.009596,3.363942,3.167857,2.758969,2.691842,1.736430,1.289804,48.804105,70.751470,76.593666,70.022983,54.007012,43.821551,603.500936,440.794297,390.921003,453.396765,541.359367,485.889945,2.911612,1.730807,0.360306,0.636534,0.827370,2.664009,163.078290,108.553764,15.838961,53.342135,70.838079,136.627702
Madhya Pradesh,Neemuch,2025,1.100000,925.000000,201.082239,443.857835,224.066319,173.372543,118.923022,0.937577,35.496714,30.362211,31.366644,31.775192,30.825719,28.255586,25.207737,23.895894,23.818948,22.942565,19.585495,12.959915,3.242494,3.431104,2.631047,1.191138,0.966809,0.566706,54.401126,73.287323,69.753314,62.408442,58.638508,48.531020,531.617120,389.243029,444.570697,471.532728,501.793952,483.899671,3.672649,1.443899,0.597981,0.990674,0.696520,1.624877,180.694306,119.090817,27.631144,89.835458,10.666035,143.463100
Madhya Pradesh,Panna,2021,0.040000,595.000000,109.930864,281.928969,181.789407,192.729456,21.030164,0.002729,38.068675,33.456080,31.752901,32.267395,32.297337,28.987211,24.942015,25.546675,24.543957,24.138227,20.418554,13.404438,1.585168,1.599763,1.507163,1.413730,1.090972,0.862319,60.011753,69.099133,74.546261,72.728481,56.461999,46.804498,565.393633,475.059292,452.690365,485.250240,568.529842,449.444052,2.467602,0.634783,0.523983,1.346564,1.734222,3.436045,186.826928,64.740112,28.135344,103.579523,108.981907,153.953015
Madhya Pradesh,Panna,2022,0.035000,886.000000,137.319946,271.401616,424.872572,137.460386,120.822469,0.000000,39.885836,34.228346,31.623655,31.969557,31.533758,29.108437,26.844674,25.132457,24.075602,23.858662,19.585563,13.333115,1.332800,1.930266,1.182140,0.873246,0.747403,0.517578,42.653775,66.514796,74.355336,72.418593,58.476911,47.508894,696.765555,708.492313,709.842158,692.674026,722.861638,689.822044,4.335203,2.263955,0.510940,0.803647,0.555540,3.913604,128.787097,128.787097,128.787097,128.787097,96.590323,128.787097
Madhya Pradesh,Panna,2023,0.029000,828.000000,128.947188,153.565911,318.581659,185.658884,6.111339,4.287555,38.854854,34.106776,31.836768,32.701373,33.304433,29.584073,26.572348,25.771097,24.398961,24.318303,19.387507,15.449479,2.793305,2.548099,2.692034,2.243852,1.640357,1.290952,45.782757,69.188515,69.483180,67.221179,46.877290,50.897351,410.551963,506.375945,462.506369,476.401069,562.131086,425.638233,4.229032,0.904628,0.423562,0.763114,0.565217,1.964516,205.462833,82.168724,15.861150,52.871809,44.722721,124.486115
Madhya Pradesh,Panna,2024,0.006000,833.000000,80.531327,313.969884,389.677830,199.709815,8.782538,0.000000,40.552309,33.614667,31.610449,32.251907,33.322720,29.959704,28.291567,25.845540,24.489696,24.313328,21.754649,14.865893,2.976389,2.905363,2.481133,2.526791,1.607856,1.218397,43.780733,70.898034,75.973214,71.253153,56.953073,47.629768,591.742525,463.150462,413.580010,443.549045,518.495914,460.894826,2.847686,0.896774,0.440112,0.924123,0.658345,1.635624,130.842216,79.492707,15.860168,54.049509,75.830575,122.434502
Madhya Pradesh,Panna,2025,0.001000,1000.000000,184.832378,556.747121,205.353912,167.633900,65.383463,0.508537,36.598175,31.215939,31.770231,32.151888,30.699838,27.693874,25.859974,24.200451,24.643916,24.336549,21.030781,12.807469,2.894800,2.900783,2.490188,1.069475,0.938868,0.558660,53.237699,73.890708,73.275836,68.053211,68.302857,54.940152,515.948509,407.016051,458.544428,467.533533,480.759949,477.556438,4.681907,0.687658,0.550771,2.462833,0.936185,1.279102,165.858766,94.609818,24.861711,89.099860,33.931417,117.241374
Madhya Pradesh,Raisen,2021,0.560000,651.000000,263.778148,272.990095,287.939388,224.247734,41.778224,0.118192,36.776094,31.319472,30.348774,31.229512,32.135049,29.325773,24.034498,24.604508,23.374598,23.466152,20.061563,14.488547,2.047430,2.034039,1.982837,1.516931,1.080861,1.091903,57.952472,68.593560,74.822245,73.243083,55.300116,45.077741,568.426529,468.554641,420.888938,459.811113,580.810757,464.318684,1.776770,0.735313,0.696027,0.791918,2.151775,3.199168,148.707975,70.626789,38.089095,65.904183,105.395365,155.464593
Madhya Pradesh,Raisen,2022,0.509000,894.000000,136.342804,516.335238,726.693612,252.826015,112.464349,0.000000,38.740236,30.911671,30.112513,31.106337,31.206485,29.236114,25.970101,23.499293,23.084945,22.883809,19.007774,13.251141,1.385987,1.925143,1.378189,0.945885,0.756386,0.583012,43.077812,74.962188,75.411115,71.454098,56.505443,45.306223,703.047331,698.636685,713.246012,699.997115,726.177147,698.465060,1.788029,0.803266,0.434872,0.793867,1.778549,2.700474,97.230244,97.230244,97.230244,97.230244,72.922683,97.230244
Madhya Pradesh,Raisen,2023,0.478000,906.000000,214.116625,382.036082,250.425353,274.692693,3.623279,15.918111,37.492202,32.004043,30.505309,31.536570,33.503978,30.022915,25.498319,24.190267,23.111754,23.000723,19.055302,15.621263,3.049284,2.794597,3.017877,2.402746,1.732643,1.384201,47.979075,72.329281,70.140000,68.025171,45.872797,50.132068,454.418160,442.510797,438.915684,453.854976,597.012325,453.781034,1.954280,0.895194,0.440855,0.820911,1.641812,2.722106,160.645471,84.724883,23.744601,50.666574,86.949986,156.173389
Madhya Pradesh,Raisen,2024,0.478000,964.000000,106.347372,481.055032,423.785594,229.778634,24.213273,0.000000,38.289189,31.123635,30.236524,31.521578,33.046724,30.024658,26.268772,24.309103,23.645904,23.389725,21.574057,14.838248,3.159092,2.913309,2.568281,2.611211,1.698721,1.274954,48.912256,75.850475,77.547325,70.040817,56.360551,46.734905,571.579131,369.362776,384.923233,446.074369,543.090922,494.668641,2.052205,0.842786,0.467526,0.750135,2.536184,3.306208,133.602377,81.972141,20.967680,47.688013,129.170135,168.297237
Madhya Pradesh,Raisen,2025,0.510000,610.000000,185.663044,738.739490,252.707807,273.132094,50.927247,0.002701,35.162748,29.484787,30.854883,31.045497,30.894330,28.414222,24.811496,23.287779,23.632963,23.065407,20.763054,13.607085,3.191867,3.047205,2.571074,1.068648,0.893890,0.482141,54.637259,76.889128,73.136056,67.904001,66.413862,52.399310,509.385707,368.770570,424.764739,459.822021,498.623463,493.645376,1.860904,0.486345,0.551271,0.801216,2.249597,3.191366,138.144402,94.938148,31.853101,76.494268,72.916571,185.171413
Madhya Pradesh,Rajgarh,2021,3.150000,985.000000,143.668707,321.452943,457.167434,240.252348,75.639106,0.154783,37.283209,31.895633,30.484458,31.592183,32.550767,29.537324,24.976691,25.311095,23.381969,23.799165,20.244943,14.150895,2.142521,2.020140,2.164396,1.562893,1.101270,1.097350,52.885044,66.726055,74.490533,73.915293,53.403430,42.613982,606.265492,472.565045,416.617178,455.572984,576.887453,452.844560,2.615373,0.905937,0.474607,0.602281,1.156994,2.494362,173.735636,86.619155,28.104256,55.678538,69.161048,130.898253
Madhya Pradesh,Rajgarh,2022,3.058000,1165.000000,93.858001,514.665010,758.994558,235.408441,114.760695,0.000000,39.185408,31.206597,30.279030,31.748915,31.978056,30.238545,26.912330,23.743685,23.248793,23.167937,18.980197,13.550495,1.558186,1.971328,1.505097,1.189246,1.016657,0.779631,42.140967,74.239365,74.998695,69.468717,52.931967,42.563991,735.393692,761.289980,761.970128,733.108329,760.250320,737.675324,3.237283,1.208020,0.321992,0.713984,0.782489,3.096164,136.965286,136.965286,136.965286,136.965286,102.723965,136.965286
Madhya Pradesh,Rajgarh,2023,3.304000,1035.000000,109.314518,354.610926,90.093907,199.244362,1.872128,8.741866,37.178230,32.504153,31.198767,32.352594,34.085731,29.677145,25.763707,24.643673,23.575426,23.470716,19.387483,15.390229,3.016687,2.746147,2.893535,2.378284,1.677483,1.331333,48.269190,71.134387,69.077834,66.451034,45.489590,50.932179,442.362585,458.237824,464.146477,475.596341,589.881782,441.918296,3.904814,1.859738,0.326517,0.978882,0.654259,2.666904,201.569039,110.579039,18.782975,64.884206,47.008607,119.157264
Madhya Pradesh,Rajgarh,2024,3.370000,1110.000000,161.576196,409.462820,339.597766,284.910784,8.108249,0.000000,38.439504,31.944983,30.283403,31.465974,33.773611,30.469317,26.572076,24.743644,23.674888,23.351153,21.371950,14.790474,3.169517,3.010532,2.604835,2.477123,1.599752,1.140027,48.499341,72.323901,76.529008,70.372150,52.630938,44.342350,578.414635,402.469906,396.336095,439.245071,543.992600,488.193337,4.145851,1.756648,0.349380,0.638598,0.850448,2.554473,167.932534,108.242664,15.276895,51.452701,67.535053,137.540307
Madhya Pradesh,Rajgarh,2025,4.150000,865.000000,177.647292,698.830070,192.395205,204.135232,56.568420,0.848157,35.583650,30.103517,31.056500,31.600376,30.914199,28.386335,25.127783,23.592625,23.579041,23.024029,19.834164,12.810717,3.129577,3.243229,2.566790,1.122022,1.019032,0.557140,52.534029,74.046567,70.912138,63.965009,61.729975,49.581415,535.949359,385.752472,450.802621,473.233567,497.997955,487.623291,4.117817,1.292532,0.434531,0.968601,0.707478,1.852685,181.006470,125.530906,23.995407,77.312321,26.988505,143.066279
Madhya Pradesh,Ratlam,2021,2.940000,1005.000000,146.395702,348.241755,232.652915,276.874482,61.381789,8.612877,36.375031,31.216589,30.203814,31.236148,32.441656,29.652517,24.993386,24.779501,23.294754,23.566565,20.311886,14.539316,2.742164,2.612513,2.328033,1.932594,1.278991,1.364520,54.483757,67.658623,72.747706,74.202339,53.913997,42.310147,617.391262,474.044926,428.027889,441.990512,571.820835,452.041339,3.106308,1.323839,0.499507,0.743015,1.263764,2.952391,177.067787,98.840964,36.037369,63.204119,73.831508,123.608519
Madhya Pradesh,Ratlam,2022,2.683000,1132.000000,81.683474,375.136545,546.048518,156.484189,96.977739,0.000000,37.945248,30.156453,29.921550,31.736917,32.058850,30.261666,26.243041,23.567547,23.199053,23.112646,19.185347,14.157488,2.033925,2.391911,1.620865,1.279658,1.034984,0.782863,44.712504,75.751111,75.462693,68.746524,51.669529,42.937153,746.162773,769.668003,768.239038,739.123853,768.370727,743.182400,4.091631,1.268133,0.362989,0.809594,0.753783,3.847470,132.031753,132.031753,132.031753,132.031753,99.023814,132.031753
Madhya Pradesh,Ratlam,2023,2.489000,1025.000000,84.642838,446.986351,75.648434,435.123326,0.000000,30.667493,36.315259,31.758912,30.723241,31.847850,34.115311,29.895867,25.202829,24.214902,23.311690,23.246516,19.595720,15.746723,3.329853,3.118230,3.188634,2.654483,1.858545,1.648401,49.861663,71.916495,69.176314,67.414983,45.832066,49.796183,463.588429,442.697359,453.989115,472.709911,598.749661,450.573686,3.371529,1.380953,0.343006,1.095225,0.818894,2.794044,215.350745,116.480387,27.314560,74.080250,56.362727,134.044924
Madhya Pradesh,Ratlam,2024,2.464000,1047.000000,102.957243,282.834933,305.027516,270.635583,29.365834,0.000000,37.743722,31.263042,29.862123,31.138511,33.376986,30.450303,26.389768,24.449886,23.373872,23.116393,21.378511,14.993776,3.419979,3.446694,2.914419,2.792710,1.724340,1.371654,49.312304,71.934988,76.026815,70.222936,54.195022,43.916262,598.617850,391.757110,385.830375,439.717539,547.181409,496.189348,3.802558,1.238547,0.379817,0.651307,1.011743,2.664396,175.311415,118.228441,22.116600,55.306755,78.197307,138.916236
Madhya Pradesh,Ratlam,2025,2.730000,990.000000,205.944213,275.591994,304.682444,269.202878,91.012570,1.118279,34.740964,29.925246,30.745352,31.231075,30.832478,28.501678,24.797343,23.420262,23.295998,22.645570,19.783229,13.381791,3.416095,3.700235,2.753904,1.313480,1.066441,0.525249,54.985177,72.541368,70.323950,64.055173,60.952702,49.532918,532.141887,391.496241,425.817582,462.425570,503.132042,492.001579,3.630710,1.259852,0.544867,0.862521,0.870536,1.960456,180.708378,127.022657,32.574868,87.385391,14.343887,152.692685
Madhya Pradesh,Sagar,2021,2.620000,705.000000,204.498474,254.148872,229.789689,188.452089,23.126188,0.073444,37.447210,32.295346,30.889553,31.594974,32.261139,29.107750,24.444908,25.024429,23.740688,23.664974,20.134951,13.807275,2.001761,2.063928,1.972664,1.529837,1.174655,1.112177,56.827640,67.427121,74.199715,72.653591,53.317219,43.880324,574.926096,473.075092,428.458447,470.195648,579.522132,459.167781,2.141706,0.969317,0.724204,0.645194,1.095233,2.087573,161.525992,77.298652,39.413999,61.444953,65.784462,142.654312
Madhya Pradesh,Sagar,2022,2.345000,988.000000,150.874373,329.704737,529.631528,193.246837,101.450310,0.000000,39.402576,32.408103,30.700234,31.307728,31.550387,28.986505,26.226636,23.836968,23.225948,23.104606,19.316128,13.285143,1.317625,1.840311,1.209754,0.906487,0.775029,0.592422,42.344464,70.944672,74.665274,71.966493,56.408280,45.659090,709.087916,728.339016,728.337234,702.349701,734.488072,704.934002,2.589748,1.437665,0.468506,0.594347,0.877163,2.335334,121.831263,121.831263,121.831263,121.831263,91.373447,121.831263
Madhya Pradesh,Sagar,2023,2.268000,985.000000,221.256448,273.647543,279.352323,210.921777,4.552980,7.269331,37.930918,33.184554,31.277956,32.254250,33.629562,29.754469,25.990968,25.012760,23.821843,23.709970,19.229850,15.419537,2.944188,2.689495,2.875639,2.375875,1.679996,1.328449,47.828190,70.555085,69.860800,67.370809,45.725262,50.597155,433.325501,484.626712,449.508529,468.188806,579.941764,437.406604,2.929004,1.363233,0.397915,0.745561,0.845690,2.628277,185.964022,99.957414,20.515172,49.790593,55.599252,135.247177
Madhya Pradesh,Sagar,2024,2.495000,1080.000000,128.147580,372.772981,415.637332,296.616541,9.981982,0.000000,39.436044,32.302531,30.598331,31.595340,33.211811,29.987022,27.364054,24.919805,23.769309,23.595318,21.495414,14.842189,3.097339,3.066367,2.619440,2.580615,1.667571,1.277734,46.318246,72.267258,76.447863,71.061846,55.852958,46.870739,574.158192,425.062742,399.355327,435.488451,535.289286,478.661833,2.950017,2.117868,0.373025,0.552850,1.040709,2.734289,155.678372,106.963221,17.547376,47.442653,84.698595,140.495090
Madhya Pradesh,Sagar,2025,2.350000,860.000000,183.795487,625.754060,198.398804,207.197148,40.596661,0.666472,35.778609,29.931172,31.093591,31.478270,30.661033,28.003250,25.294235,23.414180,23.853374,23.532363,20.716012,13.231211,3.039860,3.009222,2.542100,1.047634,0.924425,0.481135,53.900246,75.453815,72.641196,67.358339,66.527164,52.787152,512.578703,382.588804,446.863066,460.704947,489.608633,485.603950,3.008142,0.859889,0.500556,0.686499,1.021724,2.353316,165.984840,112.834075,32.264948,67.375771,47.998473,155.715885
Madhya Pradesh,Sehore,2021,2.750000,1015.000000,245.520793,252.420782,251.342642,252.061864,77.021112,0.064776,36.651028,31.085597,30.161038,31.172868,32.369341,29.664094,24.170252,24.581512,23.137195,23.482268,20.255463,14.816099,2.090313,2.075096,1.972887,1.550737,1.150857,1.198930,56.960960,68.415241,74.712848,74.154375,54.647276,44.191341,580.337334,475.336087,416.636828,446.021932,576.348238,460.462405,2.957820,1.523151,0.639998,0.775406,1.126894,2.660564,164.695325,98.069723,36.116972,67.230058,67.211215,126.439274
Madhya Pradesh,Sehore,2022,2.630000,1089.000000,97.233418,671.228392,636.881915,236.491437,100.878744,0.000000,38.550275,30.199235,29.888130,31.314483,31.677619,29.976251,26.173196,23.375234,23.013088,22.992553,19.133476,13.584717,1.561192,2.059412,1.467024,1.041760,0.848409,0.653495,42.635565,76.253456,75.274239,70.299836,54.408344,43.517270,712.043378,723.544117,736.186095,714.467565,739.724771,716.067961,2.613129,1.111334,0.407871,0.772860,0.844046,3.035950,144.474149,144.474149,144.474149,144.474149,108.355612,144.474149
Madhya Pradesh,Sehore,2023,3.067000,1075.000000,130.708781,463.220186,133.238123,314.416531,2.188636,18.295285,37.128670,31.779290,30.563219,31.647296,33.875829,30.052735,25.459419,24.120143,23.095043,23.035800,19.247577,15.659837,3.072856,2.771116,2.981451,2.366005,1.698869,1.380287,48.945276,72.531041,69.749510,67.720489,45.779414,50.440058,456.336518,429.115224,442.200165,456.469760,599.564876,454.235289,3.426396,1.566285,0.472762,0.908463,0.799376,2.960130,204.273256,120.083916,26.615149,55.747628,54.048084,126.518135
Madhya Pradesh,Sehore,2024,3.098000,1108.000000,146.138833,477.651761,363.522499,223.585261,36.013909,0.000000,37.884269,30.851703,30.146385,31.298437,33.270625,30.381162,26.018062,24.107183,23.440919,23.167684,21.541031,14.837009,3.168574,3.010936,2.639158,2.529046,1.687133,1.239731,49.586117,75.054215,76.598018,70.363499,55.555158,45.296837,577.408365,359.823975,391.404169,438.987797,547.401284,498.700978,3.877436,1.397844,0.417742,0.578739,0.958888,2.829927,168.596308,117.445141,23.949349,49.248940,73.426854,138.204279
Madhya Pradesh,Sehore,2025,3.179000,1065.000000,171.532232,552.671849,209.348040,254.942185,53.591106,0.345613,35.015814,29.645423,30.786958,31.097723,31.141041,28.832175,24.705164,23.186242,23.357615,22.812657,20.443443,13.552639,3.190218,3.190284,2.599842,1.138808,1.022548,0.541610,54.279663,75.028142,71.309809,66.393353,63.672640,50.717285,515.027491,370.350112,439.317568,455.766161,502.450506,498.194572,3.913573,1.062369,0.548796,0.898972,0.975271,2.252602,179.447211,135.681920,31.929771,76.437691,44.314913,151.399883
Madhya Pradesh,Shajapur,2021,2.970000,1105.000000,184.383971,311.053790,287.949976,275.943259,88.901910,0.000000,36.901533,31.412480,30.280320,31.384080,32.516460,29.620238,24.651217,24.935513,23.278533,23.671847,20.253491,14.442405,2.262201,2.232419,2.186080,1.656365,1.224949,1.224822,54.362472,67.812493,74.766057,74.451166,54.009438,43.357497,598.097376,475.143850,415.797483,449.433399,573.267686,454.340818,2.936421,1.126887,0.471603,0.697595,0.980988,2.677444,169.185582,93.365049,30.704189,61.187304,62.746851,119.643157
Madhya Pradesh,Shajapur,2022,2.578000,1136.000000,100.285300,566.219861,674.102977,224.237907,115.203983,0.000000,38.708082,30.482184,29.942560,31.511989,31.965523,30.111766,26.668398,23.491218,23.093796,23.127492,19.048265,13.560803,1.674602,2.107302,1.653327,1.246430,1.030677,0.717936,43.046150,75.579404,75.149208,69.783106,52.759875,42.951817,723.674345,752.638861,756.471151,724.287641,754.815166,729.448528,3.419532,1.171138,0.346203,0.778336,0.692531,3.324444,144.244102,144.244102,144.244102,144.244102,108.183076,144.244102
Madhya Pradesh,Shajapur,2023,2.532000,1080.000000,130.047556,395.582740,60.702057,258.241449,3.271701,12.347278,36.972160,32.188204,30.989670,32.104463,34.118967,29.796982,25.588788,24.396152,23.392679,23.302394,19.381074,15.500820,2.976617,2.683155,2.837963,2.354479,1.645595,1.317880,49.334069,71.569476,69.538043,66.903035,46.045076,51.443439,446.095337,447.998184,459.425758,469.483903,593.331909,445.146905,3.700926,1.728316,0.339166,1.120511,0.635339,2.746083,209.111309,114.024732,22.321656,67.496909,47.828442,117.576837
Madhya Pradesh,Shajapur,2024,2.583000,1075.000000,161.330515,441.303093,296.133688,204.049901,16.597512,0.000000,38.121082,31.236745,30.170996,31.404257,33.665768,30.579777,26.351752,24.366547,23.540032,23.258391,21.404030,14.777588,3.219219,3.056324,2.602677,2.479220,1.566940,1.169431,49.637884,73.327829,76.410535,70.030034,52.780805,44.204027,576.694612,384.019829,396.795802,438.593764,544.447652,491.646950,4.448946,1.615974,0.333397,0.664620,0.822861,2.944138,171.724644,112.801662,18.805960,54.546322,67.779881,132.169254
Madhya Pradesh,Shajapur,2025,2.790000,995.000000,138.412202,425.143035,190.020456,211.467480,37.288369,1.706970,35.292094,29.989387,30.968770,31.449980,31.021912,28.618615,25.039623,23.445260,23.431238,22.807769,19.892204,12.974666,3.137367,3.293300,2.546432,1.144013,1.079223,0.550301,52.912286,72.512824,69.998839,64.106010,61.840939,49.739629,533.066059,390.939868,446.075130,468.475960,501.259940,491.344350,4.718248,1.198919,0.429081,1.063195,0.660875,2.119690,185.055830,126.727038,26.445110,82.734020,33.575341,139.764310
Madhya Pradesh,Sheopur,2021,0.160000,813.000000,55.501426,294.221507,574.731195,168.451298,76.018939,14.102716,38.950721,33.971652,32.327707,32.862837,32.979158,29.208240,26.806148,26.797577,25.103405,24.670575,20.596736,13.188500,1.701270,1.681898,1.622022,1.359136,0.915164,0.637782,46.739663,63.904547,71.176374,73.856258,54.698050,45.860054,662.886227,507.135401,483.758299,474.162935,573.060882,421.824653,1.446414,0.617089,0.443038,1.163080,1.540717,1.904641,163.022152,76.651266,25.456329,74.403586,74.785654,137.552532
Madhya Pradesh,Sheopur,2025,0.030000,610.000000,267.019656,722.170464,266.795131,144.524942,115.567307,5.035129,37.103863,31.749311,32.402906,32.725484,30.897391,27.980720,26.030497,24.594409,25.015281,24.274532,19.805933,12.697914,2.825097,2.910769,2.422717,1.109162,0.843058,0.389349,50.925729,72.500416,70.230204,63.102993,61.170601,49.437661,546.478914,417.789189,483.451810,516.078283,486.154987,464.557241,4.541983,1.042827,0.404219,0.932700,0.986709,2.072996,167.290506,116.854641,27.723629,78.214768,14.309916,157.950000
Madhya Pradesh,Shivpuri,2021,1.770000,815.000000,55.820851,290.590257,513.963958,210.981109,73.600870,9.175668,38.744978,33.694240,31.916826,32.424759,32.737253,29.195193,26.468753,26.551763,24.844242,24.436926,20.406321,13.000621,1.597740,1.626135,1.606701,1.278841,0.921120,0.701759,48.945418,64.756155,72.728182,74.186751,54.835601,45.961358,640.226709,489.345488,468.231474,472.333832,576.371701,430.281304,1.968201,0.657300,0.481109,0.715443,1.246047,2.851030,157.515449,69.461042,26.914468,60.595679,72.043083,143.580915
Madhya Pradesh,Shivpuri,2022,1.665000,995.000000,85.190871,298.027706,317.906861,268.678600,98.875675,0.000000,40.077449,33.865436,31.674649,32.434284,32.135031,29.848814,27.753667,25.074648,24.235550,24.042505,19.525266,13.407620,1.358025,1.886806,1.241820,1.001436,0.836007,0.601529,41.518078,68.978585,74.328337,70.852618,55.874142,45.604298,733.529198,758.511286,758.414420,733.777899,759.979398,736.198810,3.420720,1.468642,0.435573,0.748869,0.806979,2.924289,117.851111,117.851111,117.851111,117.851111,88.388333,117.851111
Madhya Pradesh,Shivpuri,2023,1.340000,915.000000,139.824199,227.860361,203.482602,155.817661,3.392622,5.222229,37.757459,33.703912,32.302288,33.182506,34.147792,29.382489,26.291458,25.621924,24.541005,24.142659,19.440686,15.130990,2.940653,2.744085,2.822948,2.377067,1.676206,1.333334,49.386946,70.172633,68.917273,65.897565,45.717499,50.929160,419.377637,495.450781,484.731773,490.546678,569.942081,423.397200,3.045712,1.497816,0.469250,0.684192,0.875838,2.707961,176.711151,89.413197,18.693748,50.377172,56.546534,143.253060
Madhya Pradesh,Shivpuri,2024,1.273000,910.000000,114.159637,274.853921,440.356926,348.972349,0.658027,0.000000,40.612369,34.006174,31.330100,32.088381,33.946330,30.261427,28.437900,26.173423,24.460112,24.116076,21.411027,14.799921,3.106832,2.972021,2.531653,2.524489,1.568876,1.135312,44.321433,69.793454,76.583191,70.936617,52.977548,45.833422,589.397584,487.407716,411.328610,447.866194,532.655929,459.947012,3.634765,2.048595,0.353655,0.531368,1.113491,3.413248,142.124539,87.908259,11.589969,44.420583,79.872359,162.493232
Madhya Pradesh,Shivpuri,2025,0.300000,710.000000,298.801862,721.410832,219.697134,121.561194,88.906954,3.034288,36.874093,31.118952,31.885859,32.683991,30.653731,27.990723,25.821506,24.225394,24.542556,24.051439,19.945921,12.631993,3.007331,3.021533,2.537053,1.058082,0.892981,0.433134,51.671745,73.876096,71.640252,63.810288,63.255421,50.965709,521.650656,396.110914,462.142345,493.465854,482.479805,470.997218,2.433238,0.824875,0.415570,0.774325,1.002277,2.327092,159.063549,102.158091,25.944063,69.936785,37.744514,164.147498
Madhya Pradesh,Ujjain,2021,5.040000,1115.000000,135.508735,292.283009,240.602672,261.780834,81.856911,5.518406,36.440385,31.137733,30.069324,31.174147,32.386278,29.572990,24.751541,24.691122,23.182489,23.489967,20.147055,14.479367,2.521327,2.477000,2.270004,1.789520,1.240306,1.277080,53.693297,67.555091,74.016494,74.255622,53.764568,42.842453,609.508853,474.145856,418.613891,447.158557,569.220366,451.783176,3.305284,1.008587,0.421985,0.740179,0.971796,3.246930,171.920197,96.766509,30.640914,59.836374,59.629553,116.112447
Madhya Pradesh,Ujjain,2022,4.451000,1195.000000,96.490409,399.504019,498.116670,181.267791,114.576101,0.000000,37.977422,29.956227,29.674313,31.419645,31.902351,30.152100,26.180429,23.415104,23.068282,23.045749,19.085084,13.846475,1.910845,2.302626,1.722186,1.249086,1.032229,0.817064,44.237691,76.035063,76.003245,69.737397,52.157692,42.881685,739.226442,763.940699,764.121620,734.838707,763.851544,739.379815,4.513243,1.715707,0.335726,0.850787,0.592684,3.845673,154.235236,154.235236,154.235236,154.235236,115.676427,154.235236
Madhya Pradesh,Ujjain,2023,4.977000,1075.000000,106.666914,441.807504,57.214917,399.723619,0.608631,24.389413,36.487548,31.916862,30.755395,31.897644,34.143983,29.755650,25.282687,24.230272,23.262989,23.157303,19.423006,15.537065,3.264192,2.975074,3.077593,2.565723,1.799233,1.570853,49.792829,71.590623,69.216529,66.902981,45.044034,50.150220,452.621699,446.704920,458.605781,471.031752,596.070717,446.761106,3.854309,1.911995,0.339144,1.343718,0.578029,2.531889,220.867213,119.076759,24.106826,78.402624,43.860494,114.737941
Madhya Pradesh,Ujjain,2024,4.977000,1180.000000,135.127534,333.580817,261.152314,220.313667,39.804507,0.000000,37.705221,31.027758,29.848681,31.088248,33.387594,30.357206,26.237122,24.303847,23.346818,23.030084,21.314603,14.884459,3.438108,3.363342,2.828111,2.717654,1.704707,1.346296,50.321240,73.025276,76.130378,70.247331,54.476707,44.247606,589.797522,374.858118,388.070346,432.711912,544.649962,493.384577,4.572110,1.276990,0.357052,0.628983,0.784203,2.820661,179.183818,118.085795,19.827447,52.497768,63.674702,125.543750
Madhya Pradesh,Ujjain,2025,4.990000,1020.000000,133.173605,258.346085,248.613313,242.785664,63.647753,2.707356,34.756961,29.879044,30.687059,31.199857,30.774463,28.554850,24.773237,23.300035,23.145301,22.350108,19.687034,13.021480,3.359708,3.635259,2.686862,1.271696,1.098242,0.565726,54.662355,71.744789,70.045188,63.633945,61.569343,49.452567,527.684498,391.364806,427.774415,455.195973,497.750137,493.917275,4.494564,1.376947,0.423684,0.962516,0.645158,2.092862,181.479979,122.346750,26.974172,83.252861,11.523642,137.473997
Madhya Pradesh,Vidisha,2021,2.690000,586.000000,192.135465,285.620770,401.929468,198.192525,54.894886,0.000000,37.318120,31.914837,30.548244,31.575430,32.492848,29.330470,24.535295,25.147802,23.463442,23.729580,20.090693,13.898052,2.008859,1.883124,2.049092,1.461733,1.089389,1.048310,55.290332,67.434321,75.190305,73.811482,53.604972,43.331470,591.894792,470.216732,422.383359,458.996484,580.036427,455.876352,2.430526,1.051549,0.496671,0.640797,0.973133,1.854559,163.388300,81.994232,32.518588,55.055937,58.591529,125.450348
Madhya Pradesh,Vidisha,2022,2.274000,907.000000,180.367736,450.214987,646.280760,228.044391,97.157977,0.000000,39.117491,31.613021,30.312370,31.380547,31.815363,29.335650,26.638556,23.764592,23.177344,23.131861,19.087525,13.224209,1.318792,1.883689,1.317743,1.015785,0.814550,0.630086,42.974054,73.779041,75.495031,71.485768,54.740057,44.258137,720.942021,739.883114,742.806582,718.860656,748.500978,719.644050,2.607281,1.304404,0.350793,0.579739,0.710926,2.362093,134.211817,134.211817,134.211817,134.211817,100.658863,134.211817
Madhya Pradesh,Vidisha,2023,3.010000,993.000000,224.061792,311.971812,200.762528,194.862753,0.123187,7.960726,37.549247,32.616435,31.042297,32.221863,33.911329,29.817377,25.843839,24.670262,23.516980,23.280803,19.112499,15.310535,2.965122,2.749846,2.917195,2.395753,1.694466,1.344073,48.204370,71.639184,69.510963,66.295055,45.132753,50.223138,437.822385,468.408119,456.587478,473.692625,586.410857,440.801487,3.576482,1.226319,0.332822,0.607291,0.758734,3.199424,192.443561,100.159607,19.313837,43.028053,48.897793,130.545817
Madhya Pradesh,Vidisha,2024,3.161000,1077.000000,142.001661,421.384233,427.390202,219.544987,3.962098,0.000000,38.894327,31.925041,30.383518,31.744077,33.834732,30.359984,26.833686,24.664554,23.686068,23.451274,21.414385,14.569164,3.162317,3.003053,2.570602,2.560263,1.581107,1.201204,47.774986,73.278847,77.002599,69.764384,52.450297,44.470799,569.293701,398.886403,391.111226,449.604313,542.918116,483.747264,3.774337,2.472984,0.315239,0.451588,0.861068,3.009871,158.110971,105.014111,15.905391,40.189947,67.046863,137.384539
Madhya Pradesh,Vidisha,2025,2.890000,855.000000,198.742062,684.044092,219.271050,171.267026,51.607149,0.172797,35.722487,29.839753,31.054154,31.612321,30.866334,28.310173,25.067343,23.453797,23.673433,23.246463,20.075256,12.963661,3.163251,3.114232,2.590227,1.059788,0.956429,0.486834,52.921839,75.858996,72.219930,65.650059,63.981933,51.239928,520.506636,367.068448,446.971455,463.679970,494.652270,491.478496,3.419549,0.872501,0.359555,0.641739,0.873248,2.318950,167.585835,121.907054,27.915463,63.360654,40.407425,166.782093
Maharashtra,Ahamadnagar,2021,1.500000,1025.000000,119.392554,150.263900,135.724927,270.336230,120.529655,37.820751,33.199795,29.473139,29.699162,29.681104,31.714078,30.548966,22.559994,22.536739,21.796763,21.766716,19.748007,18.572888,2.557953,2.654265,2.171195,2.098521,1.232702,1.521636,63.354131,70.545938,71.390243,73.009082,56.256482,54.558816,534.809937,466.482791,451.733732,435.102414,581.910953,450.331460,2.000400,1.181220,0.825030,1.089438,1.461346,1.890626,132.389089,99.789375,53.595275,93.042365,93.719912,120.184967
Maharashtra,Ahamadnagar,2022,1.300000,1120.000000,125.272317,193.724958,128.872465,285.686208,190.514597,0.000000,34.167228,28.612606,29.329594,29.381738,29.938724,30.277751,23.646072,22.075711,21.928271,21.681180,19.404423,15.048719,1.769529,2.555424,1.822411,1.299095,0.937778,0.889435,54.803370,75.393118,72.663648,72.344754,61.826740,45.886046,695.138862,724.081728,720.710546,692.496766,718.340003,698.912715,2.199393,1.085703,0.557439,0.905640,1.148107,2.374853,98.201054,98.201054,98.201054,98.819745,73.650791,98.201054
Maharashtra,Ahamadnagar,2024,1.506000,1025.000000,155.516537,197.343041,209.459721,146.856491,65.679663,0.034661,33.563279,29.403418,30.060043,30.292846,32.289571,30.765760,23.745525,22.983651,22.613586,21.942248,21.576378,16.138307,3.750809,3.989925,3.203375,3.268504,2.029459,1.739740,59.622798,73.822427,72.067701,68.188279,59.812489,46.795230,520.436427,326.833442,416.929441,448.083510,536.163461,530.447897,2.336659,1.056734,0.655219,1.088863,1.362658,1.960922,138.645590,83.872434,46.304188,91.828947,120.074585,147.018093
Maharashtra,Ahamadnagar,2025,1.735000,1015.000000,103.442901,103.068135,164.924228,321.489825,69.000917,5.092442,31.745602,29.467131,29.292171,28.964249,31.230389,29.811783,23.328171,22.712996,22.329845,21.572790,20.962045,15.171308,3.910913,4.199608,3.205487,1.622855,1.298446,0.795178,62.491466,70.967005,72.150176,70.113599,65.632383,53.046692,497.042975,378.741780,406.944114,412.397354,509.194853,531.057176,2.464689,1.008648,0.817711,0.979641,1.214275,1.971932,141.437809,105.826024,64.514429,127.736374,99.598360,137.341279
Maharashtra,Akola,2021,2.200000,1050.000000,143.373945,256.576193,137.904115,273.665828,86.068413,1.423353,36.264974,30.820996,30.858862,31.089709,32.632478,30.972871,23.930574,23.954965,23.071379,23.323589,20.687988,18.064797,1.527705,1.489428,1.390646,1.283292,0.931953,1.071266,58.770350,68.806970,72.181799,73.815275,56.554295,50.321873,524.728531,469.469043,452.266180,435.697676,574.028750,460.425297,2.826163,0.722928,0.385682,1.421968,2.025876,3.011031,163.710355,81.802167,27.183135,122.000356,116.348267,156.421639
Maharashtra,Akola,2022,2.126000,1190.000000,121.091707,341.363999,165.558932,191.093110,99.925690,0.000000,37.657075,29.606671,31.127992,31.484490,31.712062,31.190684,26.194604,23.359450,23.648195,23.321963,20.545574,14.777825,1.323535,1.905063,1.230340,0.976777,0.778151,0.659119,47.869934,77.176722,72.074664,70.492718,58.818785,43.285632,624.384438,642.445215,628.636328,624.645346,654.108111,620.226098,2.617012,0.936087,0.314063,1.216265,1.432621,3.307965,94.523075,94.523075,94.523075,94.523075,70.892306,94.523075
Maharashtra,Akola,2023,2.240000,1175.000000,35.637686,339.565299,62.410475,169.869937,2.755317,67.060959,38.268244,31.015786,30.883868,31.189256,33.902422,31.262136,26.168996,23.810758,23.058812,22.975493,19.758180,17.237156,3.230683,2.893748,3.069460,2.449595,1.752580,1.529747,45.109337,73.615434,68.807309,70.111381,49.338654,52.710489,495.633204,355.855995,450.677090,415.513911,617.484389,477.061513,2.296838,0.401933,0.293492,1.249199,1.741457,3.360755,189.037364,81.936108,17.581947,94.215187,103.679940,167.861735
Maharashtra,Akola,2024,2.285000,1209.000000,151.519594,316.587375,211.671663,175.554469,42.727252,0.000000,36.955653,30.688629,30.732361,31.536804,33.562896,31.206726,25.508856,23.877580,23.571583,23.196729,22.220406,16.152098,3.101924,2.908100,2.524685,2.427948,1.578523,1.248235,52.901493,74.986133,74.881559,69.474411,56.281055,46.217764,558.926151,331.409048,400.778497,445.150997,555.656722,524.676457,2.559937,0.599395,0.368381,1.444685,2.112790,2.752933,154.385369,78.135549,24.579886,98.042106,149.942488,180.138466
Maharashtra,Akola,2025,2.210000,1090.000000,130.956059,170.552978,244.575870,196.083024,43.394793,1.709112,34.837721,30.188012,30.864913,30.623409,31.682893,30.078701,24.749882,23.429326,23.341667,22.499333,21.157864,14.751841,3.116691,3.236616,2.610320,1.177113,1.171816,0.893261,54.746168,71.965940,70.607805,67.388075,64.621919,51.087494,515.300324,376.580118,425.599495,424.360341,507.844301,508.874588,2.590336,0.717672,0.444337,1.614580,2.018968,2.863534,151.748801,97.783246,29.629038,154.530938,84.898564,169.796500
Maharashtra,Amaravati,2021,2.300000,1000.000000,179.320120,246.554330,144.384636,293.892188,77.372563,4.678304,36.231887,30.706803,30.657117,30.894175,32.308015,30.475880,23.812872,23.937692,23.027361,23.141141,20.395736,17.322462,1.676490,1.625337,1.484825,1.354848,1.057534,1.115073,59.720300,69.977877,72.886599,74.545190,57.199776,50.049455,520.648784,463.820997,447.469272,436.597491,571.521448,461.510836,2.781318,0.824269,0.384440,1.500158,2.148877,2.906784,157.724300,76.473088,26.934218,127.441430,120.757586,163.670989
Maharashtra,Amaravati,2022,2.418000,1160.000000,111.233184,493.540122,269.078545,256.659352,97.929034,0.000000,37.746520,29.602510,30.673461,31.010950,31.273041,30.255635,25.950029,23.191759,23.453995,23.096907,19.961704,14.178130,1.341899,2.019478,1.290208,0.971501,0.754786,0.633423,47.258271,77.673111,74.296450,72.414867,59.515141,44.767190,640.448909,673.572899,657.060186,643.789858,666.484081,639.741737,2.097544,0.642634,0.272137,1.238887,1.518249,2.835201,95.977563,95.977563,95.977563,95.977563,71.983173,95.977563
Maharashtra,Amaravati,2023,2.280000,1010.000000,69.428728,403.862921,92.614618,240.939319,5.356606,49.009173,38.155373,31.140893,30.770839,31.077217,33.677738,30.893828,25.952798,23.828952,23.008883,22.932880,19.563768,16.829782,3.315951,3.002847,3.177991,2.542496,1.803331,1.556646,46.562559,73.555030,69.276140,70.867092,48.652770,51.858914,488.486444,367.604242,445.525527,411.022151,615.704651,473.499449,2.073961,0.598167,0.288031,1.476574,1.799155,3.384087,180.212580,77.686351,16.579731,106.290170,111.281293,167.826956
Maharashtra,Amaravati,2024,2.466000,950.000000,142.316044,353.713328,264.756378,164.548036,45.113132,0.000000,37.091508,30.498491,30.442036,31.311906,33.143573,30.715185,25.560572,23.829490,23.471604,23.229184,22.033684,15.778635,3.204638,3.066821,2.648969,2.575912,1.713111,1.317497,52.790711,75.140468,75.502262,70.410591,57.983578,47.149967,561.516759,333.829934,391.787887,437.871004,553.789662,518.754577,2.233456,0.605420,0.315307,1.532247,2.267402,2.715808,138.586131,73.789532,21.606322,102.341397,155.629882,180.454993
Maharashtra,Amaravati,2025,2.241000,820.000000,127.507358,262.895895,260.250849,215.578232,60.672700,2.823721,34.867327,29.863912,30.821517,30.578850,31.462798,29.737573,24.703451,23.280585,23.336121,22.556532,21.189157,14.622926,3.219090,3.272269,2.664922,1.127631,1.047187,0.803996,54.980928,73.185850,71.077212,68.407395,66.268587,51.795881,506.580557,368.808900,429.704698,428.335291,501.454053,508.462490,2.845873,0.812282,0.370987,1.947657,2.372424,2.706993,147.002326,95.398422,26.585573,160.337479,90.263722,164.255646
Maharashtra,Aurangabad,2021,0.300000,1025.000000,148.556301,165.236817,181.511800,412.904774,101.389786,14.545227,34.442901,29.993473,29.992874,30.023666,31.888900,30.464709,23.135564,23.145435,22.176094,22.145843,19.894933,18.079997,2.406640,2.475558,1.981631,1.999247,1.233249,1.482478,60.276550,69.047124,71.205245,73.293354,56.723698,52.644901,545.583200,468.880347,445.045626,431.241754,574.537476,454.818157,2.480416,0.617037,0.521664,1.646628,2.939168,3.107102,166.760402,105.537374,39.679986,130.595516,134.828838,148.385258
Maharashtra,Aurangabad,2022,0.326000,1104.000000,140.132513,241.119242,90.506631,248.430850,143.193478,0.000000,35.480133,28.892244,29.928155,29.877400,30.174989,30.235372,24.237943,22.364805,22.297486,21.930030,19.306385,14.450184,1.715332,2.386125,1.571110,1.185716,0.867287,0.797692,51.365101,76.219439,72.422809,72.137813,60.835150,44.788540,694.102176,714.560128,717.344949,685.710297,715.936913,697.112798,2.901686,1.188199,0.424032,1.497238,2.513809,4.328264,111.286657,111.286657,111.286657,111.510043,83.464993,111.286657
Maharashtra,Aurangabad,2023,0.260000,939.000000,44.516274,182.583927,50.511742,204.806422,0.290977,51.138507,36.414371,30.086645,30.645891,30.947767,33.832477,31.251691,24.562855,22.925999,22.341259,22.270686,19.759335,17.815879,3.702355,3.694305,3.561975,3.086538,2.152366,2.096840,48.897368,72.258114,66.117638,67.790257,48.375699,51.961373,510.679922,352.080695,454.918837,432.702656,606.046715,473.119820,3.451040,0.382138,0.400395,1.262626,2.153874,3.310151,200.178156,96.289383,29.149641,107.192037,117.846198,168.682425
Maharashtra,Aurangabad,2024,0.268000,1030.000000,138.782618,184.761110,198.700194,206.549131,105.697962,0.034686,34.886803,29.842438,29.992242,30.279093,32.390799,30.521438,24.325412,23.301191,22.831941,22.235208,21.585637,15.694008,3.566777,3.714741,3.092820,2.959844,1.969636,1.613142,56.055547,74.008824,73.242351,70.001542,59.821170,46.322952,542.378141,329.654621,399.547439,438.647615,540.855458,526.754915,3.862410,1.111836,0.704232,1.587267,2.374749,3.541033,176.387554,87.095732,35.013809,106.120230,162.900108,184.774857
Maharashtra,Aurangabad,2025,0.305000,1015.000000,103.710135,152.506766,179.886584,302.044214,80.825646,6.441226,32.863224,29.716265,29.646139,29.554834,31.344906,29.572114,23.641232,22.853527,22.420521,21.659079,20.809499,14.531729,3.727295,3.914914,3.071223,1.499890,1.231863,0.729157,58.526962,71.380852,71.436777,68.184894,64.039235,52.165388,505.924642,372.204370,406.004856,412.077633,506.988653,522.552168,4.207138,1.052439,0.600395,1.359182,2.461334,3.376650,149.795158,110.013630,41.384684,152.934469,87.415280,191.840531
Maharashtra,Bhandara,2021,0.000000,875.000000,228.217809,342.493347,179.985305,323.703591,21.098341,6.737908,36.397043,30.789056,31.096170,31.192464,32.245077,30.077671,24.171715,24.129027,23.856553,23.610642,21.163503,17.941748,1.569848,1.337225,1.271502,1.188843,0.911267,0.865254,62.021176,73.206503,73.600187,74.721810,59.645114,54.233420,508.465799,444.168896,455.875557,437.930192,573.730676,457.728694,2.313333,1.266667,1.080000,1.053333,1.573333,1.580000,132.686667,101.080000,26.086667,80.273333,110.480000,134.200000
Maharashtra,Bhandara,2022,0.010000,900.000000,142.464175,611.607956,512.311612,297.872220,89.573891,0.000000,38.107384,30.187630,31.076897,31.338816,31.403140,29.577139,25.815989,23.828709,24.020779,23.732270,20.656490,14.139439,1.183002,1.754535,1.104616,0.863333,0.663135,0.561384,47.449991,77.991163,75.211191,73.728872,62.427144,49.130655,616.468653,615.171333,628.662578,602.417771,611.785778,633.706351,1.500000,1.346667,0.653333,0.766667,1.146667,1.173333,92.986667,92.986667,92.986667,92.986667,69.740000,92.986667
Maharashtra,Bhandara,2023,0.010000,778.000000,190.205337,464.232685,219.752801,306.171600,7.981283,15.224356,38.123529,31.378772,30.978267,31.133007,33.170896,30.535675,25.933187,24.183402,23.458947,23.388890,19.787805,16.764206,3.072352,2.777099,2.912267,2.300217,1.697948,1.416197,48.732023,75.151434,70.706183,72.341371,51.116563,52.831052,484.989676,395.810678,455.822881,408.914333,611.288549,471.328300,2.073333,1.053333,0.673333,1.033333,1.133333,1.740000,174.960000,97.353333,20.193333,74.300000,88.680000,115.260000
Maharashtra,Bhandara,2024,0.009000,889.000000,104.571403,661.241569,247.914662,288.251472,14.416364,0.007008,37.692923,30.601191,30.888350,31.635099,33.153415,30.257123,26.145081,24.099811,23.865536,23.730580,22.411238,15.466362,3.095165,2.847346,2.459303,2.589829,1.719353,1.300139,52.777152,77.716752,76.393751,71.389115,61.015163,49.873736,562.970432,350.570249,401.679736,451.848959,550.383220,509.647995,6.380000,1.446667,0.586667,1.033333,3.040000,4.346667,139.006667,97.506667,31.660000,66.206667,142.120000,142.453333
Maharashtra,Bhandara,2025,0.005000,800.000000,123.278463,617.148508,268.725486,250.928704,74.316002,5.566881,35.185077,29.690961,31.169925,30.917527,31.135818,29.289260,25.123582,23.662926,23.859573,23.309085,21.883383,14.610727,3.141922,2.913023,2.430849,0.992472,0.919372,0.494642,55.820473,77.337593,72.927278,69.558630,69.773678,53.274993,500.436942,374.619754,425.479335,457.936123,480.259558,494.248408,1.626667,0.706667,0.666667,1.553333,1.753333,2.300000,137.046667,103.426667,39.400000,110.913333,76.826667,121.600000
Maharashtra,Bid,2021,2.500000,985.000000,169.081393,218.669875,185.700511,387.120053,112.585177,17.848273,34.206908,30.016356,30.342381,30.122891,31.933170,30.726081,22.631691,22.576910,22.029095,21.781585,19.911828,18.707262,2.278876,2.136927,1.839360,1.969912,1.134191,1.295408,60.346442,68.930677,69.572985,71.133874,56.200836,54.598660,538.227156,465.055439,469.168880,445.891833,581.154577,444.836963,2.674645,1.623229,0.830402,1.098323,1.574658,2.347863,144.739289,107.155141,50.622977,97.787280,101.399362,141.469595
Maharashtra,Bid,2022,3.002000,1060.000000,150.139470,249.781699,62.109535,217.683146,142.325736,0.000000,35.160903,29.049897,30.221509,30.137059,30.270398,30.638147,24.540754,22.219970,22.480005,22.206785,19.808680,15.385466,1.678781,2.450598,1.831000,1.225584,0.848036,0.837397,52.976548,74.110333,71.048843,71.380529,61.960951,45.817633,676.573941,709.825577,705.568602,680.109375,703.210646,679.835851,2.646997,0.986692,0.506633,0.971613,1.244174,3.121631,100.937094,100.937094,100.937094,102.075040,75.702820,100.937094
Maharashtra,Bid,2023,3.210000,978.000000,45.110790,208.197078,30.287468,191.115716,11.617186,41.380219,36.914501,30.067489,31.136133,30.959725,33.561012,31.445366,24.662498,22.609288,22.188341,22.122063,19.783145,18.496977,3.798745,4.030394,3.633363,3.273211,2.252595,2.190422,47.063911,70.527985,64.130943,67.295588,49.573021,53.894682,525.296862,347.059681,485.449849,440.990796,604.551544,480.788164,2.227654,0.682707,0.450314,1.012189,1.421392,2.539112,170.136925,90.151825,35.861558,93.991042,98.327952,143.388077
Maharashtra,Bid,2024,3.211000,1178.000000,173.714400,223.738278,148.938053,223.238209,57.261053,0.017225,34.271890,29.834928,30.650328,30.517000,32.510406,30.876675,23.990924,23.030953,22.864950,22.151007,21.755335,16.298236,3.697068,3.785246,3.129119,3.129491,1.972021,1.657591,58.360792,73.045874,71.460206,68.715110,59.478269,47.194926,526.263467,334.397286,432.013897,454.575289,539.984343,532.488216,3.118916,1.096385,0.580257,1.170517,1.452279,2.071679,150.778946,87.848595,42.355540,93.998924,130.784231,168.647519
Maharashtra,Bid,2025,3.350000,1010.000000,53.250153,142.990877,282.036386,374.682956,72.931508,3.737072,32.679327,30.145948,29.584893,29.361946,31.502437,29.988231,23.530989,22.718702,22.367317,21.624417,21.035165,15.086983,3.867313,4.179420,3.122276,1.465981,1.182830,0.789759,59.588036,68.812958,71.732089,69.119571,65.543288,52.717445,498.727642,371.281058,398.296276,417.322036,509.382688,531.561232,2.491945,1.350249,0.754616,1.050941,1.193530,2.421553,155.603722,113.483320,62.031816,135.051952,107.493586,159.224784
Maharashtra,Buldhana,2021,3.500000,1150.000000,146.674246,197.895684,145.835469,282.510657,96.280649,5.066913,35.694694,30.479499,30.463725,30.639126,32.350969,30.812074,23.720982,23.655730,22.684437,22.785352,20.340262,17.965918,1.788131,1.768054,1.546081,1.465238,1.075755,1.180602,58.523669,68.485880,71.784651,73.576750,56.535142,51.266529,538.121977,470.827766,455.046922,434.953714,574.149039,458.468975,3.248713,1.091974,0.476865,1.379338,1.974021,3.119897,167.760623,98.206017,31.560860,116.012680,115.742489,148.772939
Maharashtra,Buldhana,2022,3.433000,1224.000000,113.814282,303.379871,124.731790,182.475540,105.707516,0.000000,36.844556,29.294208,30.600081,30.981026,31.170959,30.846910,25.406719,22.845617,23.077689,22.849678,20.103457,14.764208,1.364109,2.095585,1.298981,0.998248,0.750209,0.665429,48.973174,76.448219,72.546268,71.043618,59.385451,43.689627,663.223625,691.616665,693.611911,672.975344,694.116245,666.081942,3.182290,1.124654,0.316209,1.166408,1.444767,3.901153,103.405848,103.405848,103.405848,103.556582,77.554386,103.405848
Maharashtra,Buldhana,2023,3.860000,1185.000000,32.707486,284.775483,77.180104,185.967309,0.753800,71.679140,37.877011,30.647373,30.778081,31.081327,33.953588,31.252549,25.641955,23.389979,22.665699,22.530779,19.572597,17.277719,3.496143,3.299267,3.324412,2.813200,1.956784,1.754364,45.590470,72.635090,67.420800,68.682877,48.316651,52.100313,501.122067,352.761554,457.347007,425.925268,614.280207,476.676579,2.928314,0.464797,0.273713,1.187810,1.587294,3.798101,199.245992,91.955120,21.645528,98.927769,102.068859,164.834641
Maharashtra,Buldhana,2024,3.940000,1265.000000,168.207230,255.549820,197.634112,184.262246,93.947577,0.000000,36.274143,30.281507,30.483133,31.023620,33.045443,31.000254,25.141511,23.624533,23.285737,22.775048,21.980346,16.105345,3.416978,3.307421,2.841994,2.784431,1.789121,1.358874,54.453518,74.304656,74.146047,69.429606,58.108141,46.397973,557.144621,326.819379,405.788980,446.587907,547.267174,526.923180,3.541847,0.928177,0.411451,1.449955,1.987995,2.775252,172.166690,87.114016,28.553874,103.041076,148.925604,177.447929
Maharashtra,Buldhana,2025,4.315000,1120.000000,136.971073,195.698407,210.159479,215.360690,46.784097,5.133588,34.184863,30.000216,30.249470,30.087444,31.678191,29.971088,24.375180,23.169605,22.848537,22.035950,20.984556,14.763333,3.460577,3.627278,2.855507,1.224691,1.124780,0.865156,55.994637,71.639490,70.973796,67.495838,63.531438,50.466245,508.090941,368.741341,417.085482,419.789021,512.257326,519.069632,2.826383,0.965573,0.477648,1.302327,1.766305,2.923452,159.105292,110.545551,35.304122,143.342507,82.074865,171.400345
Maharashtra,Chandrapur,2021,0.800000,805.000000,236.186979,383.521468,183.164272,278.975773,40.750060,12.831416,36.486375,30.931111,31.420377,31.320338,32.515432,30.687254,24.198208,23.991450,23.867460,23.609979,21.519404,19.069825,1.519671,1.242784,1.134773,1.126997,0.848712,0.875300,61.532507,71.122802,71.485728,73.101057,59.860718,56.453594,506.361707,456.385061,476.649935,447.935771,560.475865,451.055713,2.756089,1.337354,0.738525,1.427869,1.873419,2.562881,151.194262,98.443911,29.739461,124.914286,117.322600,160.210890
Maharashtra,Chandrapur,2022,0.559000,939.000000,123.291707,717.974374,372.485435,256.194713,52.208236,0.000000,37.991513,29.795278,31.251714,31.457310,31.475126,30.161807,26.572142,23.768334,24.366833,24.107449,21.508460,15.505936,1.156435,1.772866,1.070537,0.854353,0.622185,0.508649,48.610144,78.515148,74.622427,73.372699,64.392312,50.465357,580.470665,582.820156,583.684761,564.373791,590.766214,579.211355,2.494262,0.999297,0.391452,1.161710,1.335480,2.147424,106.656206,106.656206,106.656206,106.891920,79.992155,106.656206
Maharashtra,Chandrapur,2023,0.610000,811.000000,98.274264,566.584347,208.854145,297.820241,6.040905,10.271837,38.602870,31.319533,31.411303,31.197872,33.537985,31.133279,26.428022,24.206165,23.663187,23.532787,20.474134,17.952162,3.192409,3.041887,3.026835,2.474905,1.802405,1.590028,47.220021,73.310904,69.675394,72.232091,52.824519,54.623493,500.875718,368.354877,471.191190,405.235506,614.766953,477.697599,2.758548,0.893560,0.458665,1.078806,1.681499,2.723653,165.129742,89.337588,15.849883,97.086300,106.714169,153.590749
Maharashtra,Chandrapur,2024,0.607000,865.000000,135.102588,744.275129,248.070121,209.792577,38.132042,0.444307,37.737255,30.804405,31.376369,31.826351,33.381528,30.731014,26.186260,24.006825,23.972022,23.768150,22.904990,16.394197,3.108411,2.980726,2.515676,2.630460,1.685724,1.362057,51.793278,75.916154,75.028490,70.743717,61.072085,50.316431,559.114755,341.614975,419.087925,460.206176,555.008656,519.231115,1.571897,1.132904,0.476230,1.498478,2.022248,2.380913,130.819321,88.733607,24.835246,100.744731,145.062763,157.862998
Maharashtra,Chandrapur,2025,0.552000,784.000000,178.469400,523.925968,344.300497,349.516763,92.389823,5.139679,35.183363,30.378620,31.244859,30.989555,31.661412,30.233412,25.187394,23.763966,23.848249,23.179470,22.133594,15.589646,3.226120,3.214090,2.549821,0.994579,0.963238,0.539700,56.087760,74.500638,72.127204,68.895516,68.644198,53.024258,498.034141,378.848743,408.044457,441.758240,480.319050,503.996081,2.355855,0.923888,0.447307,2.019204,2.228923,1.804567,149.437705,93.760890,33.179742,151.541803,91.809602,147.169438
Maharashtra,Hingoli,2021,2.200000,1220.000000,206.338982,267.465802,149.132994,293.595375,76.145987,6.604211,35.487598,30.539452,30.827546,30.707608,32.352468,30.939508,23.543778,23.422397,22.883444,22.717083,20.551441,18.701502,1.839567,1.700534,1.595584,1.660220,1.089579,1.196590,59.902418,69.281457,71.088725,72.320884,56.192599,52.742230,528.221139,469.703865,473.124864,441.948290,575.813218,449.690070,3.328711,1.812754,0.629426,1.240581,1.691881,2.993779,156.493272,113.402737,37.300564,108.414554,112.825187,144.545583
Maharashtra,Hingoli,2022,2.123000,1205.000000,112.499808,499.441489,122.884586,175.042373,110.665230,0.000000,36.337576,29.076302,30.935896,30.903667,30.964024,30.916936,25.281085,22.937403,23.407089,22.870035,20.275436,15.243047,1.352343,2.054870,1.282829,0.969861,0.747365,0.713476,50.331769,77.854435,71.672487,71.098847,61.070993,44.262664,607.604066,613.719419,633.129645,612.701562,633.371598,611.347471,2.474732,0.752017,0.376211,1.123778,1.411552,3.198489,106.335495,106.335495,106.335495,109.711045,79.751621,106.335495
Maharashtra,Hingoli,2023,2.440000,1090.000000,33.831931,392.425627,80.584014,202.452148,1.893685,65.946778,37.785866,30.658655,31.159137,31.057295,33.719409,31.365274,25.504194,23.389132,22.766305,22.681964,19.803423,17.875359,3.562275,3.359280,3.391322,2.847058,1.993461,1.754205,46.375791,72.687833,66.694815,69.460378,49.199400,53.097623,509.724389,354.342942,475.785357,419.907296,614.080622,479.790079,2.711996,0.470139,0.368959,1.125370,1.485535,3.506408,195.089503,98.023646,23.433319,101.086766,106.825356,157.444439
Maharashtra,Hingoli,2024,2.194000,1124.000000,131.745107,271.926962,146.273753,242.958982,38.062816,0.000135,36.085700,30.396987,30.902084,30.927575,33.090090,31.052743,25.134664,23.444639,23.447384,22.802121,22.225485,16.302970,3.414881,3.267201,2.814771,2.744997,1.812825,1.413902,56.648723,74.120358,73.598805,70.380017,59.137652,47.772012,553.079184,330.536362,413.397840,451.263639,550.239581,530.304120,3.028727,0.901152,0.475466,1.343463,1.632945,2.340045,159.789318,96.666862,35.894609,99.662641,145.075421,174.065651
Maharashtra,Hingoli,2025,2.506000,1080.000000,115.359492,205.470294,332.687976,319.816710,69.877354,4.022721,34.104087,30.280743,30.219736,30.212192,31.676515,30.238242,24.364570,23.211755,22.970259,22.231974,21.480572,15.062730,3.480175,3.631234,2.810503,1.168535,1.105734,0.764846,57.366709,71.315778,72.423954,69.251192,65.776905,51.332961,498.239943,368.419028,403.118127,411.834180,503.647773,525.152822,2.448032,1.113214,0.570278,1.303114,1.451685,2.765078,157.002368,121.116190,45.312814,150.444751,123.602095,157.838080
Maharashtra,Jalgaon,2021,0.200000,1018.000000,113.246995,139.607551,154.045550,365.208395,93.635834,16.856415,35.719169,30.690078,30.453262,30.797820,32.511390,30.757093,24.163358,24.057236,22.887054,23.028623,20.600760,17.837839,2.154612,2.288926,1.809440,1.651594,1.172439,1.318628,58.501150,68.827550,71.905255,74.043518,56.817668,49.619427,555.125803,464.836648,432.443703,426.862840,571.933903,460.609945,1.828527,0.689632,0.383325,1.807763,3.446810,3.065882,155.691352,79.233524,29.902470,138.635227,139.031418,154.082787
Maharashtra,Jalgaon,2022,0.175000,1143.000000,96.555220,301.212934,136.957819,220.510358,102.291786,0.000000,37.150352,29.815226,30.671091,31.317922,31.529096,30.729237,25.441004,23.035858,23.197908,23.034363,19.916337,14.641718,1.731731,2.259323,1.380448,1.149300,0.885102,0.713996,48.059597,74.657650,72.052849,69.825601,56.728164,42.815197,700.965307,735.203031,712.385975,694.055816,723.074876,701.123675,2.413090,0.988725,0.386624,1.331266,2.051246,3.536224,91.830527,91.830527,91.830527,91.830527,68.872895,91.830527
Maharashtra,Jalgaon,2023,0.150000,947.000000,39.488464,276.020323,67.774718,269.549275,0.228486,54.254056,37.143998,30.696725,30.633789,31.206288,34.230434,31.464683,25.310254,23.465380,22.836123,22.663302,19.893935,17.436800,3.505333,3.385658,3.300962,2.757330,1.964898,1.874885,47.230718,72.281860,67.805916,68.446801,48.767279,51.473901,499.105470,361.067797,440.297495,430.716945,610.144115,475.185133,1.632818,0.510323,0.266728,1.498079,2.053868,2.900919,165.258125,76.346760,20.301008,112.478665,119.432594,158.003562
Maharashtra,Jalgaon,2024,0.151000,1007.000000,179.475805,272.082679,231.342939,190.827208,118.596375,0.000000,36.528029,30.412272,30.291021,31.021218,33.069086,30.994973,25.302411,23.860536,23.263215,22.851944,21.964271,15.865941,3.314249,3.300203,2.875227,2.732369,1.786666,1.378769,52.246197,74.606487,74.152418,69.950422,58.052142,45.385357,563.177615,325.346496,390.991903,433.976315,545.014636,520.327856,2.657217,0.909097,0.416087,1.708856,2.460724,2.534342,151.097379,68.179432,26.301204,103.841024,163.311354,179.796286
Maharashtra,Jalgaon,2025,0.308000,916.000000,138.674366,131.180496,237.207430,240.969741,58.761307,13.332924,34.027640,30.259052,30.583244,30.254479,31.625662,29.623579,24.361895,23.313412,23.059156,22.174588,20.803639,14.587386,3.408497,3.661408,2.833808,1.360227,1.165773,0.815182,56.146864,70.775033,69.644590,66.789837,63.089629,52.503150,520.611709,386.584680,430.962039,428.743885,511.598627,510.946802,2.615118,1.015723,0.415028,1.336431,2.405831,3.332017,141.134885,95.048625,29.307556,143.163670,85.136857,184.034129
Maharashtra,Jalna,2021,1.700000,1015.000000,197.447202,231.973571,162.707123,375.975949,105.607238,7.891308,34.863899,30.168287,30.283467,30.181632,32.023642,30.642388,23.148607,23.156801,22.294464,22.193529,19.969368,18.308981,1.979757,1.976485,1.669568,1.719927,1.095878,1.270345,59.525329,68.822493,71.113072,73.083685,56.457720,53.018222,540.691199,470.802226,461.318315,438.373142,577.328012,450.387113,2.722412,0.974939,0.581628,1.400820,1.961622,3.157740,154.070006,89.528597,37.567643,116.150425,117.367975,149.397481
Maharashtra,Jalna,2022,1.902000,1165.000000,114.663060,277.836788,80.984636,203.261336,122.042358,0.000000,35.934530,29.016389,30.379818,30.237832,30.446936,30.582644,24.664024,22.409941,22.539811,22.134471,19.447835,14.466449,1.555384,2.188517,1.415956,1.030482,0.756103,0.699820,50.006691,76.032380,71.125910,71.245914,60.413331,43.988794,674.278225,691.915063,704.399783,672.737162,707.372669,685.608356,2.861693,0.998623,0.441123,1.263380,1.633989,3.895394,109.797271,109.797271,109.797271,111.683855,82.347953,109.797271
Maharashtra,Jalna,2023,1.850000,925.000000,35.541292,212.464764,63.952810,184.048842,0.431948,55.801748,37.318080,30.275565,30.870948,31.039055,33.892644,31.394931,25.018020,22.929871,22.243551,22.125839,19.409035,17.678741,3.650678,3.556372,3.523905,3.002967,2.072715,1.975766,46.735035,72.244879,65.650698,67.258243,47.471604,51.647232,513.557893,350.997994,471.796895,438.001444,610.590921,478.668068,3.006340,0.573984,0.365190,1.256289,1.853441,4.110049,192.764135,76.479480,26.047504,101.775161,110.333971,164.220089
Maharashtra,Jalna,2024,1.883000,1065.000000,169.451508,215.838654,165.398291,240.375185,91.201509,0.000000,35.207417,29.989290,30.460642,30.462386,32.530951,30.651294,24.520842,23.357472,23.073392,22.285953,21.722294,15.889925,3.549992,3.493864,2.975081,2.853691,1.908331,1.546495,56.371967,73.936932,72.936418,69.755524,59.445110,46.787392,541.709074,330.821370,415.897359,445.900346,543.465324,528.767801,3.662951,0.919111,0.495770,1.483489,1.887309,2.791065,165.060214,74.727656,32.107226,106.946818,151.479939,189.297174
Maharashtra,Jalna,2025,1.999000,1100.000000,88.437697,211.188749,204.316102,277.470387,85.412170,4.473807,33.217580,30.016462,29.737946,29.625101,31.569995,29.755534,23.770882,22.894930,22.443630,21.499843,20.874760,14.587295,3.636032,3.790484,2.888886,1.284152,1.187390,0.725199,57.647698,70.841498,71.595677,68.040746,64.168792,52.454757,506.327917,370.696856,402.146923,412.929735,511.593042,522.805749,3.067391,1.111683,0.647919,1.249352,1.682831,3.432941,159.106550,103.676938,46.374276,142.772010,115.883750,179.551405
Maharashtra,Latur,2021,4.200000,1145.000000,194.704963,259.924225,178.643437,349.180901,89.376117,25.439825,34.426788,30.114809,30.588462,30.284253,32.057864,30.879067,22.732378,22.419289,22.222765,21.821772,20.333931,19.128703,2.102008,1.884727,1.720627,1.856624,1.128171,1.246862,59.154818,68.355008,68.816123,71.187605,56.496907,55.707119,541.694313,468.651640,485.604158,456.609552,576.546988,436.300766,2.852356,1.452808,0.678304,0.979997,1.304865,2.356931,151.526270,110.249199,41.626901,90.579835,98.868955,144.926446
Maharashtra,Latur,2022,4.069000,1110.000000,174.776239,398.138302,113.504010,238.774870,142.208640,0.000000,35.303360,29.013649,30.430812,30.443627,30.542602,31.000366,24.658736,22.433368,22.747205,22.376781,20.382769,15.907219,1.466498,2.246373,1.454800,1.043362,0.799011,0.761327,52.965846,75.474457,71.318047,71.056090,62.512321,45.983741,657.296409,672.358883,677.292922,650.888358,675.454416,644.959351,2.023474,0.793551,0.399721,0.850776,1.110537,2.466858,106.307198,106.307198,106.307198,105.039242,79.730399,106.307198
Maharashtra,Latur,2023,4.600000,1025.000000,65.345377,314.049937,34.127237,210.816383,21.645687,29.376343,37.236093,30.075676,31.276504,30.969207,33.553723,31.412601,24.918650,22.792575,22.441730,22.347925,19.964446,18.651743,3.706473,3.714542,3.516973,3.108213,2.164291,2.021955,46.737652,72.340632,65.023197,68.393818,50.107631,55.063550,524.559707,349.666126,494.272892,440.283248,607.845145,480.092199,2.165335,0.550564,0.450477,0.955585,1.296487,2.641111,171.602006,89.343251,28.461992,98.328964,99.910972,153.107133
Maharashtra,Latur,2024,4.692000,1182.000000,194.767958,251.322439,149.498847,223.173019,89.405464,0.256802,34.407143,29.933719,30.783131,30.630228,32.602097,31.139563,24.117777,22.970130,23.058562,22.332811,21.991110,16.863468,3.584953,3.576882,2.965347,2.974396,1.933052,1.560113,59.387505,73.049827,72.182628,69.014381,60.062455,48.347862,524.762236,340.356146,433.392184,462.184928,538.928939,533.744717,3.050257,1.261548,0.455162,1.049895,1.337549,2.144998,148.179698,86.240365,39.836724,91.146405,132.078378,158.320823
Maharashtra,Latur,2025,4.356000,1015.000000,94.970041,156.841819,364.462141,347.843007,115.734255,1.121850,32.852465,30.438896,29.757004,29.691888,31.594505,30.234867,23.643741,22.891930,22.518731,21.874514,21.367302,15.538289,3.669091,4.009076,2.954498,1.258883,1.185462,0.956408,59.411128,68.392803,72.063339,69.268881,66.394597,51.414595,498.087093,369.958622,398.031039,413.641505,501.242820,534.938795,2.304268,1.331321,0.668698,1.070346,1.152892,2.298216,155.235150,108.430115,55.796140,140.836347,110.867696,155.204722
Maharashtra,Nagpur,2021,0.900000,814.000000,239.394553,322.262788,173.406377,305.301957,25.719234,4.577752,36.388014,30.854118,30.929223,31.028327,32.129418,29.957390,24.052915,24.048321,23.634864,23.457705,20.776486,17.463871,1.635210,1.469618,1.372447,1.266635,1.026423,0.968140,61.117586,71.831789,73.089756,74.656513,58.134692,52.132613,508.185255,451.891475,449.703957,440.076668,575.026560,459.035215,2.840998,1.571788,0.744925,1.222979,1.934712,2.444060,151.268345,94.843538,32.729376,109.839106,111.439948,157.160629
Maharashtra,Nagpur,2022,0.762000,955.000000,134.255947,626.450199,422.162963,299.494013,105.825436,0.000000,38.122842,30.093830,30.803771,30.983395,31.101706,29.249670,25.807346,23.543584,23.691545,23.295739,20.019661,13.808744,1.237056,1.850476,1.157259,0.930518,0.692824,0.573703,46.711230,77.820082,74.933097,73.200478,60.700889,48.185898,618.484874,632.955414,636.031347,613.357122,630.329684,646.116828,2.316321,1.108479,0.380401,1.159018,1.530149,2.613972,98.931011,98.931011,98.931011,98.931011,74.198258,98.931011
Maharashtra,Nagpur,2023,0.770000,815.000000,132.034544,411.816945,183.680632,309.991742,8.573214,25.554016,38.066138,31.434206,30.849598,31.100845,33.183135,30.437685,25.923083,24.120275,23.281756,23.227093,19.531655,16.554192,3.201056,2.941731,3.058557,2.451960,1.763276,1.474181,48.462822,74.170013,70.411010,71.815905,49.479546,52.111306,482.879266,395.040104,451.790519,411.781031,611.444486,469.416735,2.376561,1.133015,0.405164,1.168147,1.630372,2.911847,170.759303,90.898095,19.078677,95.415140,102.709889,146.803490
Maharashtra,Nagpur,2024,0.787000,1000.000000,123.337576,539.884935,236.069977,206.164156,21.091230,0.070264,37.574425,30.655618,30.750180,31.477149,33.059535,30.288292,25.956380,24.093665,23.715298,23.570432,22.135794,15.435100,3.138261,2.946247,2.526323,2.613552,1.733858,1.297073,53.009723,76.834723,76.392352,71.643778,60.067076,49.182640,556.157886,352.132004,395.689492,434.557982,550.708163,509.899940,2.338963,1.026095,0.498476,1.155776,1.851940,2.447997,141.749224,92.374541,25.148340,86.024584,140.602177,153.268403
Maharashtra,Nagpur,2025,0.725000,754.000000,116.258681,484.481657,252.140226,245.751414,64.565427,7.287247,35.208714,29.784073,31.085394,30.804128,31.070794,29.195891,25.110099,23.600021,23.767360,23.146986,21.499228,14.381279,3.252203,3.110090,2.546552,1.001231,0.902016,0.480893,55.168209,76.077368,72.378223,69.194552,68.840301,52.988725,504.085630,374.651069,422.959724,441.282931,484.371871,494.878623,2.590081,0.790703,0.433187,1.860626,2.429727,2.550358,153.810564,100.528578,31.181062,146.519048,87.872222,148.228686
Maharashtra,Nanded,2021,4.200000,1210.000000,249.412485,391.183929,206.699728,371.479317,67.968373,16.394438,35.688077,30.682868,31.118538,30.911189,32.472647,31.012452,23.627753,23.361648,23.128864,22.729372,20.916486,19.048667,1.785693,1.585956,1.455966,1.531253,1.019415,1.078534,60.023271,69.476895,70.377471,71.969325,57.029680,54.368304,526.682900,466.701562,477.341636,450.714336,573.020175,445.286490,2.969506,1.438956,0.564853,1.199644,1.604515,2.634589,146.701218,114.559218,35.740214,107.490759,108.959931,152.789790
Maharashtra,Nanded,2022,4.264000,1185.000000,170.722145,745.816743,139.518039,233.027776,110.640803,0.000000,36.595284,29.281357,30.991690,31.092339,31.064138,30.905942,25.544890,23.064059,23.406933,23.050305,20.632314,15.595191,1.364891,2.055033,1.384683,1.024358,0.800982,0.752303,50.611660,77.320601,71.280563,70.777308,62.063389,45.943952,584.903246,587.934933,601.046185,575.216034,599.946615,580.828005,2.188837,0.696801,0.398070,1.033279,1.404526,2.806264,107.035354,107.035354,107.035354,107.698689,80.276516,107.035354
Maharashtra,Nanded,2023,4.030000,1095.000000,46.405180,611.605246,97.976741,250.858182,8.871840,44.462329,38.081294,30.699525,31.562635,31.159407,33.668399,31.365527,25.831511,23.502406,23.056057,22.957292,20.189658,18.434727,3.530646,3.446290,3.400681,2.969128,2.050912,1.839966,46.262666,73.023932,66.285042,70.099639,50.502031,54.805551,517.070569,355.700037,489.245617,424.573009,616.018882,479.592098,2.312304,0.459623,0.387448,1.016168,1.644696,3.000046,177.280632,92.383288,20.065396,98.179266,108.063923,161.262075
Maharashtra,Nanded,2024,3.746000,1103.000000,158.928616,348.328398,171.670818,276.729544,36.789230,0.210146,36.507590,30.597613,31.221560,31.308304,33.359175,31.248532,25.354882,23.491810,23.588816,23.071913,22.529169,16.662135,3.384911,3.330998,2.840397,2.830550,1.768384,1.422465,55.305258,73.420385,73.414315,70.019859,59.187480,48.390880,554.503687,340.045994,423.540244,459.038214,552.210063,527.675391,2.899710,1.147383,0.479790,1.244122,1.610847,2.417580,148.106924,92.114058,33.409416,93.234285,141.387686,170.962130
Maharashtra,Nanded,2025,4.356000,980.000000,144.249039,218.024767,443.834545,355.744406,97.683592,3.756608,34.260983,30.665436,30.544250,30.468895,31.840041,30.451263,24.577508,23.433376,23.193021,22.434154,21.750873,15.584084,3.513055,3.673623,2.822153,1.163941,1.101759,0.853692,57.737637,70.298216,71.948000,68.930928,66.780463,51.437175,494.439728,369.103488,407.547557,421.440907,496.900264,524.942446,2.733786,1.586405,0.595772,1.248877,1.351897,2.513472,152.591623,108.884478,42.316353,142.240028,116.986762,154.730348
Maharashtra,Nashik,2021,0.900000,1025.000000,151.349315,275.789866,181.356789,373.387550,87.765333,32.103403,33.371068,29.503282,29.431447,29.737377,32.003534,30.690190,23.470709,23.415370,22.337122,22.381879,19.999154,18.350726,2.758726,3.107226,2.444843,2.248807,1.339308,1.655132,64.772760,72.716731,74.516908,76.495249,57.507058,52.802899,544.330922,460.545708,434.248388,414.659252,574.810009,454.930239,2.366707,0.809495,0.699459,0.894712,1.455529,2.323798,162.840865,106.103786,58.298077,84.580349,92.991406,141.334195
Maharashtra,Nashik,2022,0.919000,1106.000000,142.064024,524.925961,235.797509,336.719922,131.479156,0.000000,33.946673,28.436775,28.766542,29.489943,30.492530,30.368197,23.804252,22.479993,22.153771,22.089503,19.686099,15.041826,1.705496,2.502793,1.678602,1.234217,0.934272,0.842014,55.533276,77.965481,75.814487,73.568039,60.375075,44.864574,708.967743,737.948026,735.696709,708.531216,734.437069,714.095772,4.408534,0.988041,0.541166,0.681971,1.016286,2.955048,81.586058,81.586058,81.586058,82.712320,61.189543,81.586058
Maharashtra,Nashik,2023,1.060000,940.000000,95.100428,333.233988,86.125665,248.920617,5.504240,28.565308,35.410707,29.917777,30.754466,31.190332,34.146775,31.892604,24.895592,23.357854,23.042893,22.857826,20.697037,18.431417,3.754936,3.917019,3.605406,3.202780,2.214223,2.129767,52.604131,73.499001,67.516079,68.622523,50.131427,52.082873,511.266435,350.683936,450.205117,435.138382,603.884177,479.114722,1.978365,0.742188,0.525000,0.864784,1.104026,2.074940,190.035697,97.208834,58.071454,76.219050,83.496995,148.509856
Maharashtra,Nashik,2024,1.058000,1015.000000,139.669379,353.141938,413.965558,209.561500,146.977325,0.000000,34.187183,29.395544,29.669636,30.203577,32.549721,31.120426,24.394180,23.433155,23.047775,22.432839,21.888130,16.325173,3.731622,3.840055,3.125939,3.134386,2.044866,1.693456,58.526793,75.883666,74.977965,70.332502,60.318043,46.282594,536.120724,310.915500,383.415049,437.255814,540.025710,527.394738,2.085757,2.050781,0.733053,0.942728,1.027163,2.890144,167.962019,93.887380,53.807632,84.955288,112.885757,155.150481
Maharashtra,Nashik,2025,0.856000,1011.000000,270.932351,278.946683,240.717394,344.985151,109.192576,7.910015,32.020720,29.451286,29.372050,29.290163,31.425196,29.595550,23.697683,23.184023,22.648793,21.860363,21.046330,15.100397,3.812420,4.044799,3.148440,1.580142,1.336281,0.813341,62.081092,73.349784,72.824566,69.468455,64.511900,51.489456,496.586412,376.786546,409.446740,398.328732,504.445145,524.158797,2.313161,0.856731,0.652043,0.860337,1.013041,1.531971,154.813401,124.793329,67.405709,111.913822,92.861478,141.184675
Maharashtra,Parbhani,2021,2.400000,1200.000000,220.977997,305.565479,156.655567,361.616870,84.676083,10.261176,35.282505,30.560504,30.876412,30.671850,32.350475,31.017502,23.365483,23.320057,22.758485,22.461473,20.482064,18.854215,1.800229,1.653759,1.499308,1.582736,0.946034,1.076158,59.320386,68.695938,69.991968,71.788448,56.267190,53.524595,540.286763,467.077260,476.204548,448.128307,579.056777,447.168918,2.832170,1.239685,0.725614,1.255264,1.701969,2.898235,156.085714,103.647731,44.921962,107.520795,111.357349,151.478677
Maharashtra,Parbhani,2022,2.260000,1190.000000,145.788333,401.339939,77.448094,176.561411,108.509600,0.000000,36.173595,29.188226,30.930377,30.843014,30.897219,31.125848,25.076020,22.750202,23.096385,22.624344,20.282202,15.362111,1.441168,2.106028,1.387979,0.972391,0.735264,0.705917,50.514175,76.110766,70.178773,70.096683,61.130012,44.073183,630.690253,653.009730,656.941902,632.801272,660.129163,634.591072,3.016510,0.881248,0.488504,1.091938,1.424303,3.609351,103.860253,103.860253,103.860253,107.683021,77.895190,103.860253
Maharashtra,Parbhani,2023,2.480000,1080.000000,41.634851,301.860233,64.319665,193.193087,3.363586,58.328876,37.675235,30.612943,31.349354,31.150516,33.739138,31.481827,25.430640,23.279359,22.755319,22.659708,19.961743,18.296947,3.529759,3.468977,3.405746,2.918028,2.036598,1.854182,46.535342,71.794066,65.727517,68.751645,50.070598,54.042165,518.336403,351.083648,486.080346,433.786096,612.278629,482.149983,2.903581,0.623260,0.425000,1.129181,1.729140,3.540239,195.134162,85.925876,28.266696,102.480009,110.682229,161.207756
Maharashtra,Parbhani,2024,2.280000,1175.000000,154.152233,264.478646,152.029224,272.595216,40.776999,0.002286,35.788192,30.396914,31.060694,31.003488,33.171567,31.142550,24.945298,23.516823,23.462822,22.773164,22.257704,16.417415,3.416731,3.242542,2.807996,2.722244,1.760206,1.372081,56.282460,73.895237,72.787162,69.668991,58.171982,47.167034,549.224712,333.826152,423.794402,455.951908,551.263822,530.482877,3.350093,1.064107,0.545161,1.387471,1.619613,2.519038,163.889996,84.378524,38.561862,99.668555,144.349767,186.287117
Maharashtra,Parbhani,2025,2.565000,1050.000000,81.967666,218.198656,301.812446,334.905099,89.274252,5.345739,33.846220,30.558427,30.241209,30.142037,31.748527,30.327206,24.235705,23.185469,22.935073,22.213999,21.405024,15.283131,3.481364,3.670841,2.791224,1.172265,1.166499,0.973022,57.186514,69.144958,71.807872,68.803015,64.763446,50.977605,503.899401,371.458679,401.078619,415.691366,509.098221,526.703597,2.750894,1.183483,0.659330,1.212669,1.332535,3.129930,160.702359,109.836699,53.618144,142.067603,117.612654,168.138452
Maharashtra,Pune,2021,0.400000,1036.000000,215.503600,318.368097,102.738182,196.737357,110.761028,40.269310,31.579866,28.414750,28.817684,28.982642,31.270930,30.383026,22.029143,22.093266,21.358732,21.448204,19.611874,18.872543,2.688070,2.916543,2.301035,2.326050,1.304029,1.679666,68.799486,75.010197,74.344510,75.765241,58.285416,57.291555,522.351502,452.304460,451.690667,435.080894,583.624715,449.196124,1.641343,1.577987,1.730860,1.795852,1.952740,2.211720,123.686130,111.560559,96.900152,104.616001,112.841705,142.384361
Maharashtra,Pune,2022,0.463000,1114.000000,97.916341,444.800387,248.558442,280.560858,197.933592,0.000000,32.310152,27.626321,28.072988,28.684345,29.533542,30.080807,22.954557,21.835486,21.513437,21.384170,19.398024,15.562796,1.779782,2.677660,1.985355,1.409297,1.043358,1.005195,60.824636,78.339139,75.829877,73.915086,63.636127,47.795997,700.703852,724.405931,720.139421,695.093484,718.242349,698.441243,1.626065,1.590449,1.211320,1.348763,1.580613,1.880784,103.891933,103.891933,103.891933,108.611035,77.918950,103.891933
Maharashtra,Pune,2024,0.428000,1005.000000,191.579600,432.832880,310.291832,147.567780,89.165340,0.109032,32.125728,28.486609,29.549233,29.803804,31.874582,30.784674,23.351031,22.597766,22.475684,21.743005,21.598803,16.874402,3.815077,4.097138,3.190949,3.300621,2.159579,1.859262,64.169190,75.852827,73.504103,69.305986,62.243394,49.118308,493.567371,308.538735,410.733337,449.714897,528.710485,533.781184,1.543988,1.152473,1.351560,1.558657,1.813775,1.798877,124.537690,96.887253,84.409874,100.284075,148.949467,154.370529
Maharashtra,Pune,2025,0.415000,990.000000,258.836788,225.398918,226.151807,264.335765,65.654419,7.417598,30.493860,28.727956,28.476037,28.346324,30.855318,29.721099,23.124511,22.675407,22.236914,21.399318,21.159560,15.734296,3.870464,4.161551,3.257623,1.770501,1.454137,0.874957,67.283290,73.686448,74.639595,71.474892,67.289824,52.963528,488.740489,389.672066,406.974486,406.917183,503.598159,533.173961,1.381412,1.044711,1.333200,1.225114,1.394844,1.793436,133.078786,124.115582,116.425514,134.353139,117.829338,151.606868
Maharashtra,Sangli,2021,0.500000,1074.000000,192.037084,210.271481,84.695749,108.509411,85.494601,45.382231,31.821483,28.706486,29.429145,29.424985,31.356132,30.523632,21.915133,21.745360,21.406722,21.342660,20.268367,19.632036,2.924498,2.984907,2.456227,2.484379,1.375877,1.653029,66.147611,73.411585,70.567406,72.293348,58.014489,59.955314,533.192249,452.973815,486.670260,464.419500,580.646073,434.523714,1.408951,1.377409,0.895980,1.292561,1.216704,1.417254,107.013364,78.458772,58.464874,92.860154,80.864707,112.745818
Maharashtra,Sangli,2022,0.506000,1091.000000,78.565079,196.558348,148.565792,148.745183,206.103791,0.013056,32.382729,28.341334,28.849384,29.553874,29.976070,30.605605,22.979777,21.699446,21.666397,21.503825,20.051047,17.239290,1.737240,2.646108,1.974471,1.434891,0.959716,0.903342,61.174836,74.792455,73.212398,70.597654,63.684346,50.415385,702.173436,724.529965,719.075905,701.617247,722.823884,701.476261,1.525181,1.144621,0.694525,1.032404,1.023672,1.481955,101.704285,101.704285,101.704285,102.274925,76.278214,101.704285
Maharashtra,Sangli,2023,0.310000,915.000000,25.894267,170.323996,34.721420,99.908497,27.535167,24.961975,34.728750,29.062926,30.730152,30.328012,32.732433,31.242529,23.605631,22.079257,21.916001,21.816509,20.493896,19.632127,4.005589,4.240636,3.658387,3.391736,2.313102,2.285920,51.197266,70.924542,63.990849,67.478168,53.260087,56.613749,553.997819,353.676626,519.912166,463.538122,587.129719,484.432306,0.911547,0.271724,0.553259,1.174386,1.170636,1.270925,114.655267,84.560024,50.513108,103.527497,87.327251,112.188276
Maharashtra,Sangli,2024,0.351000,1000.000000,171.235011,197.123985,153.283895,108.949888,106.907903,3.882688,31.698586,28.614130,29.985978,30.168744,31.758309,30.892435,22.850809,22.180902,22.179961,21.499270,21.557824,17.627546,3.743957,4.116151,3.258722,3.380209,2.095249,1.850901,64.251546,73.137679,70.799240,66.881989,61.520237,50.536744,488.034546,339.353836,439.374951,470.681227,526.363250,536.508507,1.783644,0.889353,0.781129,1.070950,1.219221,1.500644,109.171116,83.582933,57.472678,88.701326,115.521593,127.649217
Maharashtra,Sangli,2025,0.305000,836.000000,126.735708,110.498011,154.346778,192.707269,36.383336,3.992806,30.723940,28.988746,28.642781,28.538867,30.796801,30.273891,22.897399,22.351504,21.990872,21.351334,21.192429,16.949965,3.953622,4.326989,3.295655,1.819934,1.292195,0.948793,65.630725,71.267687,73.202040,70.692058,67.420653,52.527127,499.177704,399.881056,407.190734,432.440922,513.790231,539.592400,1.741393,1.006755,0.772559,0.992597,1.112956,1.601525,121.579879,113.916555,79.702781,129.601846,96.516687,135.355101
Maharashtra,Satara,2021,0.800000,1065.000000,328.851336,439.650525,99.153274,166.093218,103.502590,41.218903,30.882803,27.931101,28.547467,28.742312,31.009578,30.242622,21.669870,21.619527,21.108635,21.195244,19.791557,19.269692,2.887733,3.145555,2.498965,2.580344,1.423901,1.804564,70.592468,76.975806,74.714166,75.909228,59.331777,59.927696,514.529756,444.142667,466.727939,445.214620,584.771125,443.191248,2.045993,1.529153,1.322706,1.182482,1.571871,1.837942,146.757691,113.933854,86.186161,92.366714,104.414700,144.947227
Maharashtra,Satara,2022,0.761000,1080.000000,94.504833,396.406032,271.436230,189.871284,214.106590,0.044574,31.199853,27.390643,27.765837,28.558269,29.417640,30.127616,22.523476,21.552759,21.379005,21.248907,19.756544,16.756193,1.911246,2.891482,2.316381,1.630850,1.163001,1.168318,64.127946,78.140147,76.617372,73.990523,64.898194,50.761822,699.817906,722.618644,719.459507,698.008675,720.173485,698.609199,1.789573,1.258147,0.846273,1.147239,1.431728,2.465832,99.141543,99.141543,99.141543,102.390738,74.356158,99.141543
Maharashtra,Satara,2023,0.770000,906.000000,81.612035,304.378177,82.687043,141.278168,45.307433,13.682354,33.701365,28.506780,30.052984,30.047408,32.625436,31.325522,23.565624,22.151874,21.961868,21.883766,20.617651,19.455601,3.966213,4.277163,3.671305,3.448248,2.352963,2.337533,54.979784,73.471555,65.901034,68.687582,53.925126,56.036098,544.867715,333.542524,488.409921,450.929435,582.500942,484.331125,1.802832,0.655487,0.791726,1.135973,1.573148,1.984535,163.971484,112.311277,84.605091,100.847970,102.616925,144.597513
Maharashtra,Satara,2024,0.773000,975.000000,200.265559,435.229035,266.310536,131.833087,114.447080,4.416233,31.306384,27.945264,29.381550,29.699131,31.614450,30.719895,22.947690,22.144693,22.168961,21.559767,21.463340,17.224310,3.839574,4.262189,3.283752,3.397494,2.161623,1.881430,65.741719,75.693097,72.902719,68.566558,62.352112,50.120851,480.617027,309.448043,417.108117,456.029712,524.245593,535.538144,2.083038,1.171243,0.957696,1.134501,1.555708,1.979295,141.725519,106.668662,78.239335,91.385040,136.204865,163.343410
Maharashtra,Satara,2025,0.785000,825.000000,210.953994,197.887427,202.884098,181.815663,49.312168,6.370343,30.131040,28.473073,28.204134,28.164849,30.709740,29.913398,22.954202,22.434623,22.105690,21.440928,21.227873,16.417522,4.008303,4.323444,3.390332,2.047170,1.680279,1.094414,67.575042,73.111876,74.944224,72.086559,68.145856,52.250129,493.690979,392.205202,405.937353,420.168149,508.781867,537.399150,1.741339,0.971450,1.194906,1.092198,1.416921,2.057622,151.955555,138.030200,105.316905,139.279511,116.119855,160.901628
Maharashtra,Solapur,2021,0.500000,1015.000000,128.023258,161.595135,106.686685,215.535050,99.244729,45.174930,33.418232,29.930191,30.395527,30.114023,31.811315,30.796455,22.182161,22.040777,21.665780,21.458829,20.129012,19.319823,2.343658,2.206200,1.862262,1.775583,1.034929,1.229028,61.153532,69.224827,67.785515,69.815639,56.091415,57.174751,546.350523,464.895610,488.445394,464.094910,582.751342,435.368055,1.538306,1.432092,1.099487,1.135742,1.540556,1.704131,107.887168,90.749173,70.004916,93.554423,96.791572,123.842449
Maharashtra,Solapur,2022,0.789000,1165.000000,89.308188,187.296627,109.826864,174.332581,181.757928,0.021773,34.388249,29.338411,30.096727,30.186011,30.331921,30.890352,23.579289,21.907147,21.926027,21.634463,19.760822,16.101393,1.543290,2.444231,1.641058,1.125374,0.841501,0.757608,53.619101,71.429553,68.442828,68.252711,60.842433,46.846753,696.221818,721.661373,709.333301,691.257963,712.785620,692.968512,1.540206,1.174721,0.742161,1.074352,1.277820,1.890598,94.508753,94.508753,94.508753,97.520865,70.881565,94.508753
Maharashtra,Solapur,2024,1.159000,1010.000000,193.867504,119.857017,114.580539,137.484711,80.780225,1.850101,33.104585,29.856541,30.934433,30.734011,32.137525,31.070269,23.315190,22.748326,22.622676,21.792730,21.588778,17.160339,3.628154,3.895201,3.181263,3.202977,2.000929,1.740724,60.908116,71.437269,69.416047,66.337093,60.606480,48.976830,505.473346,351.007086,456.509460,467.260662,535.053158,533.771490,1.688399,0.974525,0.778282,1.215711,1.563980,1.692433,114.461082,82.701529,62.104160,90.952310,133.222476,142.356067
Maharashtra,Solapur,2025,1.286000,935.000000,59.420452,87.522752,191.232953,315.808217,37.556797,2.827873,31.956910,30.317820,29.440083,29.064684,31.316920,30.386281,23.153336,22.623675,22.150874,21.450161,21.148932,16.208747,3.865004,4.225284,3.122968,1.562112,1.106119,0.870001,62.121838,67.764906,71.515314,69.798978,66.693966,52.542626,501.145719,392.244190,404.085604,427.349640,510.387349,536.754772,1.577898,1.000527,1.044618,1.035396,1.219830,1.577096,124.023288,105.344025,89.477319,124.621687,106.005618,135.933652
Maharashtra,Usmanabad,2021,3.500000,1045.000000,137.990899,208.777148,148.863459,341.646687,111.962139,33.966434,33.795342,29.879125,30.343301,30.041367,31.783410,30.759571,22.290555,22.124407,21.810783,21.535304,20.079031,19.191506,2.380302,2.180813,1.901419,1.952571,1.216916,1.403998,60.196938,69.113136,68.629619,70.752069,56.435656,56.323041,542.678837,464.184714,484.016152,458.846163,579.265779,437.011010,2.551251,1.663413,0.829613,0.888853,1.244547,2.014432,141.742089,103.576284,51.388874,81.760844,88.271072,131.772524
Maharashtra,Usmanabad,2022,3.731000,1015.000000,109.500671,287.421022,119.209669,229.319088,170.351473,0.000000,34.849457,28.957673,29.979062,30.035598,30.263488,30.835188,24.204700,22.004430,22.139937,21.865130,19.746320,15.886858,1.592624,2.327679,1.530455,1.123905,0.848735,0.807284,52.984687,74.166010,71.007088,70.694548,61.569279,46.240005,689.385898,708.151375,709.664062,685.271614,710.692052,682.751525,2.100595,0.993196,0.447929,0.864247,1.120504,2.441543,103.041910,103.041910,103.041910,99.282831,77.281432,103.041910
Maharashtra,Usmanabad,2023,4.270000,986.000000,35.530622,238.629053,18.568694,183.769419,21.664549,26.871057,36.903684,29.885394,31.309752,30.888968,33.299551,31.377472,24.483169,22.425242,22.102802,22.083321,20.055902,19.087644,3.793221,3.905431,3.600065,3.161339,2.220982,2.174032,46.370546,71.051203,63.706540,67.473370,50.583302,55.138529,536.038149,354.041388,507.871123,453.688490,604.218420,480.247990,1.967583,0.524443,0.455838,0.932865,1.391835,2.530635,155.663582,89.909060,36.809682,91.298728,94.544580,142.003570
Maharashtra,Usmanabad,2024,4.358000,1171.000000,229.432357,208.195119,127.034108,199.534398,120.164656,0.282199,33.447874,29.758441,30.680158,30.399541,32.069852,31.024988,23.443683,22.702949,22.709738,21.886775,21.535247,16.817251,3.517743,3.634399,3.086727,3.006595,2.003339,1.661751,60.094033,72.641498,70.700129,68.118600,60.788105,48.103190,511.189258,343.206999,443.751650,458.403421,531.732627,534.573760,2.728006,1.184441,0.515298,0.944786,1.249740,1.818726,141.604033,83.873758,44.459419,80.750897,120.319275,150.196017
Maharashtra,Usmanabad,2025,4.456000,850.000000,85.914670,142.622830,296.461637,372.180011,58.394456,2.483041,32.165816,30.234762,29.401152,29.258963,31.426419,30.211264,23.208935,22.572258,22.108206,21.503065,21.081338,15.666885,3.733276,4.089310,3.064409,1.472447,1.206425,0.853740,61.383500,68.192227,71.826160,69.671776,66.648761,52.457968,499.062901,383.296945,398.100114,417.578823,504.102009,536.880407,2.274782,1.355839,0.801779,0.961862,1.052037,1.917414,149.357988,109.791783,65.033146,123.618212,101.165111,141.581250
Maharashtra,Wardha,2021,1.100000,976.000000,215.903399,279.275669,168.059102,302.777544,33.725952,3.765389,36.459233,30.844562,31.034807,31.029673,32.294060,30.364289,24.114261,24.104053,23.613185,23.493051,20.805866,17.848859,1.596201,1.459181,1.394670,1.243445,1.036694,1.050648,60.956533,71.122105,72.844246,74.744690,57.620830,52.149723,504.902364,462.284563,459.573464,438.656216,569.840229,458.474740,2.857312,1.430818,0.532263,1.593074,2.208500,2.896134,159.749674,90.417633,30.757125,130.761381,125.182072,166.699389
Maharashtra,Wardha,2022,1.177000,1025.000000,106.539739,659.094622,324.040145,280.234137,80.367908,0.000000,38.207041,29.774997,31.043365,31.077083,31.223831,29.849778,26.238934,23.640619,23.980268,23.540698,20.525454,14.407875,1.243824,1.818472,1.202295,0.947066,0.683574,0.568162,46.598825,78.875607,74.627047,73.328514,61.662364,47.262529,597.443503,602.164220,600.293595,588.810428,609.643923,612.271179,1.763664,0.729362,0.291330,1.247826,1.688510,2.357771,97.128459,97.128459,97.128459,97.128459,72.846344,97.128459
Maharashtra,Wardha,2023,1.180000,903.000000,89.867809,421.904071,145.202610,268.789136,7.013276,29.452278,38.338940,31.299546,31.002567,31.081292,33.409636,30.767909,26.138976,24.051646,23.232628,23.180430,19.688925,16.960834,3.186256,2.893469,3.044260,2.392864,1.721923,1.464016,47.350876,73.891263,69.779837,71.748128,50.137131,52.678685,488.918611,372.757717,458.148569,403.797503,615.322515,473.514934,2.190386,0.822616,0.319151,1.360778,1.794618,3.090221,177.271511,86.954535,18.237802,110.291322,113.296575,157.684429
Maharashtra,Wardha,2024,1.243000,965.000000,152.008980,540.847604,223.258194,179.004834,38.965931,0.208457,37.584360,30.740065,30.884859,31.569742,33.224618,30.589045,25.873058,24.077490,23.774007,23.608743,22.363169,15.807263,2.991942,2.840807,2.470783,2.436053,1.640097,1.225022,51.789099,76.296892,75.838231,71.223412,59.259732,48.509660,559.946924,344.757588,402.205649,439.763984,553.604740,515.440826,2.135865,0.936438,0.399204,1.420134,2.029421,2.515549,143.254776,86.014464,25.697338,98.703876,156.578542,169.293194
Maharashtra,Wardha,2025,1.202000,804.000000,116.426919,387.712562,265.436947,275.666890,63.342164,4.477604,35.245432,30.018952,31.107561,30.728116,31.376895,29.815027,25.121098,23.672601,23.772735,23.051328,21.601131,14.882884,3.146644,3.110194,2.546286,1.036439,0.954332,0.509412,54.430149,74.942108,71.939354,68.868969,68.311664,53.168260,508.023599,372.708744,420.438813,433.813197,491.882888,501.086784,2.312912,0.809034,0.479113,1.624696,2.199608,2.418257,153.725968,98.629511,31.819310,147.882391,86.749372,151.830047
Maharashtra,Washim,2021,2.900000,1225.000000,209.772085,256.605524,166.524560,297.165502,95.094728,1.921724,35.757515,30.533231,30.684413,30.763869,32.385528,30.846654,23.677696,23.620972,22.925854,22.889104,20.457912,18.187974,1.690279,1.557121,1.479016,1.445419,1.000479,1.125857,59.799870,69.175429,71.905075,73.221246,56.441198,51.598332,519.751125,472.921011,467.927915,437.595030,575.020818,454.776936,3.953599,1.741242,0.485967,1.197489,1.528053,3.033569,171.050275,113.219317,28.811498,109.733576,108.621877,144.115597
Maharashtra,Washim,2022,2.718000,1210.000000,98.309930,406.167787,174.123494,182.442273,112.531395,0.000000,36.929389,29.132060,30.831497,31.074617,31.240142,30.802719,25.609172,23.064406,23.523333,23.137037,20.495947,14.853059,1.283116,2.063986,1.245566,0.963928,0.746184,0.664558,48.949207,78.535817,73.228720,71.771151,60.858950,44.164117,627.225994,639.266050,648.329295,632.113878,645.129083,625.513020,2.872244,0.981486,0.259942,1.064641,1.306793,3.404713,99.549160,99.549160,99.549160,100.042148,74.661870,99.549160
Maharashtra,Washim,2023,2.750000,1097.000000,51.731157,391.062319,83.627190,176.874304,1.671660,72.988405,37.912965,30.768948,30.846617,31.048492,33.748379,31.172748,25.696917,23.555430,22.821492,22.737173,19.622068,17.315365,3.551715,3.251084,3.346406,2.815963,1.938082,1.686154,46.317988,73.197910,68.005815,69.795734,48.485419,52.382378,498.542670,353.989168,460.623120,415.329790,614.813350,476.999470,2.973884,0.580124,0.294270,1.084554,1.364273,3.595547,209.004207,102.936550,19.946366,97.420801,100.293853,158.973294
Maharashtra,Washim,2024,2.553000,1128.000000,174.880961,335.462217,175.327652,200.060282,41.009571,0.000000,36.384407,30.419025,30.587395,31.045983,33.209841,30.999842,25.265063,23.526743,23.408481,22.940341,22.196661,16.192503,3.426148,3.257526,2.812834,2.800143,1.802806,1.406542,55.461385,74.450805,74.878427,70.395147,58.545733,47.403218,553.313267,333.214429,399.821610,446.891106,552.501762,526.376383,3.307135,1.011371,0.428894,1.309718,1.644771,2.625037,166.695601,98.900842,27.503486,97.830305,141.061112,172.883103
Maharashtra,Washim,2025,2.830000,1110.000000,147.773995,208.921757,313.351737,270.732799,52.659613,3.354541,34.417548,29.938521,30.368382,30.242089,31.589628,30.108003,24.560870,23.232256,23.066442,22.275597,21.277867,14.879393,3.455138,3.584413,2.799913,1.148028,1.095744,0.639368,56.443073,72.728644,72.143336,69.113083,66.185220,51.558881,499.098499,366.928395,410.464652,413.041674,508.490005,519.230639,2.437224,0.741911,0.399576,1.182340,1.450843,2.805102,160.042316,118.731447,34.416439,148.492263,83.256676,155.996772
Maharashtra,Yavatmal,2021,3.400000,1215.000000,239.085207,295.336187,196.970950,298.365495,60.654741,6.295612,36.288453,30.778291,31.137366,31.069552,32.470493,30.776370,23.998730,23.850954,23.482286,23.278103,20.926296,18.442127,1.593151,1.419944,1.329978,1.275238,0.974540,1.034357,60.982347,70.483875,72.026572,73.754553,57.909385,53.217420,508.143839,467.318432,472.685006,443.977711,567.763608,453.396579,3.112296,1.546057,0.616314,1.478035,2.096471,2.962763,158.025254,111.385972,36.646992,125.474543,122.836006,156.565503
Maharashtra,Yavatmal,2022,2.620000,1130.000000,110.579914,644.309134,226.942408,242.973871,104.650902,0.000000,37.678517,29.482028,31.135237,31.210152,31.241441,30.456349,26.178451,23.449259,23.910732,23.466296,20.603285,14.754542,1.260170,1.949358,1.250816,0.934675,0.731071,0.620064,48.749956,79.010891,73.656938,72.417368,62.010899,46.499987,582.401430,591.235656,586.942108,573.637886,597.882851,594.541366,1.930560,0.830377,0.355102,1.318871,1.703949,2.717398,89.304282,89.304282,89.304282,90.845464,66.978211,89.304282
Maharashtra,Yavatmal,2023,2.540000,1015.000000,63.465837,537.913933,112.506465,238.376491,4.499681,39.727890,38.434089,31.023992,31.245510,31.168632,33.641470,31.170310,26.192970,23.917069,23.273260,23.187989,19.974333,17.605795,3.423403,3.229170,3.246301,2.731422,1.929264,1.679291,46.667763,73.732794,68.549653,71.177675,50.455635,53.452416,501.187627,360.520858,469.918749,406.343144,617.422958,477.021333,1.979391,0.665788,0.444904,1.264217,1.851045,3.246288,184.964326,98.797623,21.542557,106.768109,116.741473,163.067911
Maharashtra,Yavatmal,2024,2.233000,1070.000000,180.146273,493.423670,187.959294,210.793173,43.522611,0.167670,37.396151,30.728533,31.037228,31.519186,33.304088,30.905195,25.809587,23.812603,23.754413,23.486021,22.486982,16.142885,3.234333,3.093118,2.693568,2.704357,1.728643,1.314028,53.094754,75.147969,75.122226,70.966452,59.779871,48.369222,558.274713,339.434745,407.254910,445.679690,552.733779,521.408713,2.326287,0.992383,0.498818,1.353325,1.932974,2.743744,147.414373,96.621161,33.838799,95.204826,155.480313,177.822440
Maharashtra,Yavatmal,2025,2.615000,1010.000000,165.456593,289.682738,326.217902,322.881288,64.279288,3.798569,34.921292,30.238157,30.955326,30.654362,31.729705,30.221427,25.004126,23.679463,23.628753,22.830540,21.809520,15.087359,3.399436,3.452736,2.736432,1.084321,1.003529,0.522020,56.174359,73.737619,71.929514,69.021815,67.272124,52.738797,496.853300,365.267226,410.481568,420.746998,495.261017,511.006373,2.391567,0.974342,0.559038,1.592431,1.976492,2.866769,151.054538,113.614827,42.381667,157.092360,102.287673,158.123149
Rajasthan,Banswara,2021,0.687000,715.000000,126.091145,260.839814,139.980720,314.508963,28.333960,6.728177,36.388672,31.604751,30.721675,31.504374,32.862271,30.322621,25.308644,25.058973,23.762108,23.925074,21.095605,15.520083,2.806064,2.818904,2.370049,1.907646,1.188686,1.421996,55.838649,66.828119,69.981326,74.676207,54.964402,42.493313,626.736168,484.377050,448.334034,434.495740,582.060017,456.805911,3.286585,1.073384,0.770970,0.759326,1.571710,3.566745,157.931133,98.292601,45.918536,62.806269,85.883723,146.749357
Rajasthan,Banswara,2022,0.630000,1035.000000,45.165503,379.772978,409.376559,134.210622,57.357498,0.000000,38.154304,30.694481,30.452111,32.371228,32.835787,31.310842,26.464372,23.996326,23.653061,23.676943,20.035508,15.240799,2.209948,2.429244,1.590616,1.320228,1.022606,0.775032,45.738760,74.852774,74.472076,66.786790,51.719740,42.117942,748.949679,774.214350,772.427880,745.347548,769.625829,746.227445,3.067660,1.555977,0.437305,0.729459,1.051850,3.342582,103.202181,103.202181,103.202181,103.202181,77.401636,103.202181
Rajasthan,Banswara,2023,0.680000,891.000000,87.181399,354.382996,85.140257,429.565221,0.000000,31.466349,35.781267,31.684206,30.722500,31.872782,34.282882,30.608564,25.169024,24.264402,23.517428,23.501324,20.217429,16.612626,3.335889,3.209757,3.122580,2.552672,1.843441,1.691297,51.114702,71.415312,69.842653,68.556958,48.630977,50.692849,478.456907,435.325585,447.024243,473.190504,605.234498,459.815779,2.762928,1.421612,0.435086,0.816238,1.289739,2.638941,188.353933,108.957438,31.593808,58.552005,71.747644,144.632944
Rajasthan,Banswara,2024,0.663000,851.000000,65.526180,251.286259,390.359843,320.211008,10.399388,0.000000,38.048605,31.907258,30.369286,31.479667,33.513100,30.930002,26.890975,25.001391,23.873996,23.606426,22.064182,15.772710,3.201027,3.314327,2.844772,2.608614,1.702092,1.315427,47.417060,71.179956,75.860849,70.818468,56.338330,44.891606,616.384585,407.547282,388.458072,448.227372,549.347696,502.647905,3.141822,0.938376,0.413181,0.580452,1.541764,2.962344,159.953446,110.761410,23.824396,49.719042,100.512091,168.032360
Rajasthan,Banswara,2025,0.660000,630.000000,257.299345,263.922529,304.775044,252.558534,89.002362,0.054590,34.858673,30.410072,31.152328,31.303964,31.273050,28.818890,25.186827,23.869131,23.787479,22.955964,20.333810,14.450314,3.201553,3.524082,2.683920,1.363774,1.082005,0.512298,56.005211,73.248389,70.441901,64.879166,60.013778,49.750111,536.027389,400.966487,445.581414,471.864577,510.913407,489.976782,3.243847,0.912364,0.678505,0.869704,1.187130,2.401305,173.097274,117.260008,36.660436,87.886079,14.506834,169.290051
Rajasthan,Baran,2021,2.046000,769.000000,60.264859,293.029852,709.051179,158.622309,75.276338,21.832669,38.447862,33.125680,31.508923,32.380351,32.933435,29.434051,26.511937,26.385946,24.510424,24.449001,20.522167,13.592160,1.765510,1.643640,1.693829,1.284292,0.826340,0.688575,47.430746,65.002941,73.162673,74.290640,53.702293,43.964857,647.853895,491.800434,457.324504,465.845306,577.782546,435.800900,1.662681,0.445416,0.375217,0.890528,1.486219,3.166925,145.358534,61.250522,22.404663,61.649133,73.629027,138.765265
Rajasthan,Baran,2022,2.343000,1025.000000,122.873774,405.515433,383.815646,196.259523,108.491227,0.000000,39.824595,32.627366,31.242536,32.627929,32.387264,30.138622,27.547360,24.646434,23.967461,23.817845,19.285647,13.408133,1.448174,1.847072,1.370256,1.109063,0.886947,0.679760,41.853303,72.527602,74.175945,68.364346,52.723465,43.031714,741.511511,765.806070,766.110610,740.259118,765.051519,740.732372,3.914114,1.429253,0.367226,0.954902,0.808609,3.225353,127.981325,127.981325,127.981325,127.981325,95.985994,127.981325
Rajasthan,Baran,2023,2.250000,975.000000,123.249461,279.261616,91.618178,122.653660,0.016485,6.073256,37.302006,33.139551,32.048716,33.146958,34.330464,29.446131,26.039080,25.194490,24.225838,23.970351,19.690365,15.370720,2.815899,2.548851,2.675190,2.184553,1.580934,1.272424,49.637784,70.861040,68.795619,65.628790,46.556598,51.947590,428.407834,481.660248,488.410061,495.152564,576.320610,429.041988,4.161254,1.958348,0.377408,0.795066,0.704951,3.162668,170.922725,89.277383,15.772838,54.760937,43.553678,128.057908
Rajasthan,Baran,2024,2.225000,1020.000000,95.057356,340.885687,492.403721,245.132717,4.163390,0.000000,40.167127,33.643928,30.954383,32.383681,34.448712,30.753337,28.277652,25.944305,24.379811,24.217973,21.694759,14.984735,2.929519,2.757079,2.426044,2.285118,1.436742,1.066494,45.352228,70.844700,77.324476,69.892127,50.428699,44.118974,594.775269,466.605107,401.054574,464.949588,535.677656,468.065979,4.079015,2.687842,0.317920,0.487625,0.955561,3.865122,142.096866,92.583390,9.325467,40.941271,66.499775,156.350332
Rajasthan,Baran,2025,2.100000,643.000000,313.234063,736.639833,326.703807,159.127912,124.290656,7.062882,36.573764,30.869550,31.832663,32.353269,30.877085,28.223349,25.780959,24.167660,24.388045,23.649520,19.760778,12.908685,2.870588,2.868520,2.421499,1.085624,0.906144,0.403159,51.450899,74.218990,70.984068,62.642427,60.925501,49.785500,546.618625,409.627574,467.479026,507.625024,493.484279,471.255588,2.972080,0.834050,0.360867,0.851153,0.867611,2.439877,153.499741,104.075531,20.303620,70.247876,12.174045,163.332901
Rajasthan,Bhilwara,2021,0.068000,794.000000,54.694596,126.363176,237.072740,227.131457,37.914128,26.694688,37.697463,33.155627,31.777173,32.627546,32.965025,29.516007,26.105204,26.339073,24.563112,24.463272,20.303008,13.378264,2.077867,1.907013,1.752672,1.401944,0.869848,0.690913,48.136059,62.941907,67.401342,72.689855,52.436650,43.790338,675.113765,528.165308,515.842646,472.410644,581.917543,433.825115,1.974133,0.331200,0.347733,0.864000,1.549067,4.819733,144.630667,51.467200,24.130667,57.993600,73.289067,144.904267
Rajasthan,Bhilwara,2022,0.095000,937.000000,49.674613,346.970364,256.461989,62.681026,41.430025,0.024909,39.470183,32.157285,31.307161,33.560929,32.796025,30.547450,27.719056,24.848869,24.209857,24.089933,19.256803,13.544186,1.822654,1.945802,1.356560,1.158884,0.878970,0.640932,40.585653,73.090105,73.582952,63.137237,48.607845,40.236367,755.646560,780.523182,780.269319,754.232954,776.861427,752.569356,4.144000,2.093067,0.479200,1.411200,0.700000,2.460267,123.925333,123.925333,123.925333,123.925333,92.944000,123.925333
Rajasthan,Bhilwara,2023,0.080000,872.000000,203.540447,213.059573,21.832861,105.390011,0.000000,11.537160,36.198962,33.270448,32.435557,33.498014,34.442126,29.368026,25.481297,25.299731,24.309990,24.104370,19.957677,15.356332,3.024574,2.922040,2.982985,2.499279,1.744694,1.390979,51.796230,69.382177,67.729800,65.603176,46.796606,51.858701,441.802408,513.972661,528.804510,516.500962,577.643042,429.430709,3.157600,2.351733,0.462667,0.624800,0.877333,1.920000,174.679733,89.101867,19.662133,49.824533,44.089067,128.288800
Rajasthan,Bhilwara,2024,0.078000,846.000000,73.814634,234.285104,400.705086,179.777414,10.903885,0.000000,39.539700,33.975681,30.597659,32.341457,34.301888,30.865317,28.047277,26.164115,24.331431,24.235996,21.662215,15.001599,3.244284,3.081665,2.701533,2.664017,1.641509,1.171248,46.693517,67.741495,77.201517,69.732211,53.019315,43.678886,627.278200,508.337153,397.550225,477.833086,544.019449,476.424197,3.076800,1.429333,0.258133,0.541333,1.000000,2.210667,143.887467,81.836800,7.338667,44.999467,60.812000,154.499467
Rajasthan,Bhilwara,2025,0.070000,651.000000,208.345853,394.702366,195.477002,191.122768,106.053488,4.431024,36.277898,30.993590,31.959258,32.415883,30.952414,28.325891,25.936550,24.378039,24.479572,23.386914,19.534354,13.050744,3.131407,3.315432,2.631508,1.159344,0.981751,0.526987,52.767719,72.862168,68.882670,61.310563,56.966349,48.384577,541.579012,404.274054,474.831546,482.248723,499.789469,468.691457,2.579200,1.110400,0.636000,1.222133,0.700000,2.118933,152.806667,93.273867,21.854133,86.268800,13.099733,158.401600
Rajasthan,Bundi,2021,0.477000,675.000000,31.186631,235.831426,523.533208,176.016299,48.240315,30.380060,38.655423,33.612305,32.146465,32.907621,33.232506,29.495680,27.097171,26.981225,25.143057,24.904572,20.922310,13.546671,1.820113,1.666318,1.554621,1.215567,0.743847,0.516197,45.221899,63.413356,69.640043,73.463722,53.493926,45.048419,670.868495,518.041919,495.037052,469.196306,577.310820,426.922717,1.217339,0.384916,0.317109,1.452783,1.196958,2.400193,123.281897,40.926031,18.184621,73.076429,56.717752,119.117454
Rajasthan,Bundi,2022,0.646000,847.000000,112.670969,378.475538,383.397850,113.554336,73.767269,0.000000,40.082589,32.919364,31.684071,33.692614,32.842983,30.379164,27.888375,25.113246,24.475141,24.407884,19.611274,13.750214,1.495628,1.822857,1.344882,1.099893,0.855044,0.689166,40.900933,72.604664,73.780795,64.980943,51.720442,42.597145,746.324384,771.476857,772.517907,748.957809,770.827926,744.592951,3.557832,1.189799,0.338635,1.022982,0.702885,2.787920,118.813864,118.813864,118.813864,118.813864,89.110398,118.813864
Rajasthan,Bundi,2023,0.540000,850.000000,149.069703,251.938900,34.503335,101.426032,0.000000,14.061074,37.062628,33.496103,32.820233,33.772459,34.687355,29.340292,25.992072,25.471898,24.586556,24.323185,20.090726,15.458634,2.936894,2.706636,2.815854,2.300905,1.653331,1.302806,50.525230,70.455098,67.621574,65.296686,47.136114,52.536234,427.244907,500.413231,520.505168,511.486065,572.914349,425.167112,3.561388,1.899519,0.366384,0.771143,0.530411,2.044729,149.207354,66.801918,14.503805,46.807601,30.442735,109.147174
Rajasthan,Bundi,2024,0.540000,926.000000,91.517932,324.898541,475.342556,207.267966,4.372388,0.000000,40.250316,34.047274,31.084058,32.696967,34.785706,30.925286,28.571498,26.202665,24.686504,24.665104,22.058721,15.293777,3.123152,2.790766,2.488743,2.472182,1.500585,1.119267,45.499296,71.090178,77.905192,69.622112,50.456039,44.122399,616.878495,477.204661,402.340248,475.990492,539.308423,466.992451,3.656837,1.741344,0.305612,0.610413,0.735552,2.862703,123.488419,68.309084,5.862989,43.690758,51.493381,135.569911
Rajasthan,Bundi,2025,0.350000,606.000000,251.943520,581.648946,403.786185,148.012482,148.603328,9.786594,36.833585,31.296045,32.227730,32.707892,30.983165,28.306952,26.104040,24.507326,24.779694,23.911175,19.826366,13.242879,2.978614,3.004267,2.524648,1.128484,0.866319,0.446009,51.598453,73.680828,70.322083,61.638078,58.333754,49.380076,551.395608,413.137391,471.899593,496.921549,498.470774,466.044327,2.791075,1.048297,0.330301,0.941978,0.637446,1.965694,136.724021,77.849014,15.899835,71.038844,8.383539,132.988766
Rajasthan,Chittaurgarh,2021,1.081000,845.000000,94.119084,171.261691,263.719572,307.506215,53.527270,71.519340,37.086461,32.381446,31.116463,32.052980,32.657808,29.405978,25.569600,25.716278,23.922587,24.042107,20.153204,13.489321,2.340564,2.135206,2.004217,1.578404,0.988394,0.824805,50.540734,64.635313,69.125696,73.584094,53.449618,44.440866,656.440852,501.153376,476.853743,458.902715,577.946839,438.196346,2.620915,0.996733,0.757584,0.900542,1.417144,3.000848,165.496154,86.768543,45.637448,74.306141,82.910891,139.310704
Rajasthan,Chittaurgarh,2022,1.159000,991.000000,41.685895,403.582888,376.321173,84.987073,68.119118,0.000000,38.992383,31.386392,30.708724,32.837403,32.388807,30.385708,27.216442,24.438183,23.832284,23.622178,18.947384,13.500820,1.993078,2.116388,1.508247,1.270852,0.984251,0.723854,41.941064,74.566336,74.657271,65.015989,50.290344,41.200370,753.545282,777.888234,777.132997,751.713800,773.758562,748.834047,3.090406,1.201428,0.490749,0.967084,1.017642,2.899670,117.109482,117.109482,117.109482,117.109482,87.832111,117.109482
Rajasthan,Chittaurgarh,2023,1.060000,875.000000,175.720563,254.248960,39.409822,163.435102,0.000000,19.268134,36.009150,32.677026,31.642475,32.752404,34.300977,29.505081,25.127555,24.772016,23.841771,23.712762,19.780417,15.415969,3.152253,3.017718,3.066645,2.546499,1.792865,1.511199,51.917879,70.153554,68.243308,66.198830,45.791379,50.544927,449.023458,487.652416,499.464997,495.443453,587.809594,437.852978,3.396821,1.444006,0.570981,0.991117,0.931675,2.456474,198.768069,104.585967,29.467907,70.861150,56.347260,140.766124
Rajasthan,Chittaurgarh,2024,1.037000,885.000000,102.860509,238.616616,356.090428,166.021087,34.322501,0.000000,38.719194,32.963889,30.309276,32.019223,33.866321,30.663926,27.224405,25.485635,24.007344,23.947797,21.422179,14.849598,3.284093,3.182272,2.793762,2.671097,1.666824,1.232691,47.182096,69.246676,76.542519,69.395401,52.950865,43.344870,616.359654,468.584318,397.418294,470.650073,541.225073,483.062647,4.122798,2.321339,0.482962,0.743308,0.947304,2.993729,156.758319,107.688660,19.253806,58.841151,81.413017,161.558045
Rajasthan,Chittaurgarh,2025,0.878000,650.000000,220.030188,387.316157,205.455099,189.359107,138.792259,1.437837,35.625319,30.553186,31.558453,31.924848,30.853825,28.246412,25.427293,24.056794,24.082266,23.063416,19.597947,13.042150,3.163826,3.425366,2.632220,1.195754,0.988472,0.504369,54.010762,72.905448,69.155178,62.349954,58.193334,48.388785,533.401059,393.055771,461.697316,483.589279,501.400833,477.507660,4.507743,1.988648,0.535553,1.195243,1.086678,1.983068,178.043308,115.119980,33.819849,105.238277,13.246101,165.274285
Rajasthan,Dungarpur,2021,0.350000,694.000000,101.061040,163.595260,71.867756,325.195187,6.246423,23.765180,36.624250,32.152733,31.234346,31.958944,33.147962,30.437155,25.616076,25.491023,24.229868,24.221496,21.324122,15.352809,2.798358,2.758464,2.342393,1.819165,1.124973,1.335947,55.483517,65.421777,67.471069,74.535790,54.512717,42.741869,637.331619,496.414891,475.282176,442.456685,587.582691,454.243457,2.279456,1.037764,0.778550,0.700000,1.555891,3.431420,130.010574,87.130514,57.661631,62.006949,91.030816,132.763746
Rajasthan,Dungarpur,2022,0.380000,976.000000,46.610774,370.938036,377.602677,101.914336,38.381233,0.000000,38.566593,31.124263,30.753513,32.945946,33.266712,31.517863,26.818896,24.303546,23.967230,24.091915,20.243720,15.281646,2.199152,2.286241,1.428777,1.216932,0.900915,0.661710,44.829827,73.681941,74.243263,64.929245,50.585632,41.768402,753.354102,780.889340,781.179144,755.172348,775.504771,751.938743,2.414199,0.704834,0.476435,0.807251,1.203625,2.611178,78.183686,78.183686,78.183686,78.183686,58.637764,78.183686
Rajasthan,Dungarpur,2023,0.390000,771.000000,96.813042,254.463200,49.708947,282.964844,0.000000,23.508087,35.529898,32.217486,31.132642,32.381804,34.397157,30.624558,25.120754,24.609138,23.852598,23.917885,20.621909,16.805044,3.407550,3.343496,3.186547,2.601535,1.875963,1.684935,51.811525,69.474864,69.539750,68.420361,49.837337,51.227285,478.945982,469.981056,466.439515,493.408020,602.667298,457.486250,1.848640,1.312991,0.411480,0.646526,1.136556,1.747130,172.871903,94.415106,33.458006,51.909970,70.801813,131.965861
Rajasthan,Dungarpur,2024,0.373000,775.000000,59.237511,216.828508,369.935191,247.843214,6.727312,0.000000,38.397721,32.665238,30.621984,31.984307,33.951550,31.310653,27.315389,25.606860,24.268369,24.135003,22.353305,16.015926,3.306314,3.353796,2.881138,2.733107,1.712405,1.311328,46.655415,69.462301,75.614431,69.960026,54.284583,43.486771,632.874814,441.298756,404.082820,473.076714,548.092721,496.225888,2.367372,1.016314,0.376435,0.585801,1.591541,2.212387,147.513897,102.037764,24.374924,49.741692,97.444713,160.860725
Rajasthan,Dungarpur,2025,0.300000,607.000000,235.236547,216.451401,306.167515,193.067149,81.255594,0.494146,35.247458,30.857940,31.699852,31.745243,31.410971,28.883898,25.647084,24.321143,24.276677,23.079351,20.377762,14.534851,3.254697,3.598373,2.758261,1.299802,1.091078,0.475580,55.286567,71.739627,68.494987,63.073888,58.070726,48.713577,555.836207,424.659342,469.536854,487.037289,514.614969,480.892962,3.641994,1.275529,0.785801,0.650755,1.222961,1.958610,151.763142,109.502719,40.803021,79.499698,12.764048,152.611782
Rajasthan,Jhalawar,2021,1.865000,745.000000,71.697753,289.738740,564.308165,219.517895,51.568596,11.898392,37.751548,32.472171,30.985869,32.012674,32.775683,29.539733,25.901769,25.960501,24.006793,24.240659,20.499172,13.875564,2.156277,1.901780,1.960784,1.464154,0.962160,0.842503,49.904006,65.760530,72.982888,74.043908,53.942583,43.254402,633.065887,475.117525,437.015293,458.056570,576.948962,444.621365,2.102634,0.739504,0.481237,0.697676,1.364086,2.740774,163.346660,77.440032,29.409348,59.989083,77.463797,132.196080
Rajasthan,Jhalawar,2022,1.930000,1035.000000,90.867169,474.821479,582.708186,146.871029,91.810474,0.000000,39.493964,31.830460,30.732247,32.430257,32.428997,30.380271,27.312491,24.232444,23.645191,23.545405,19.147012,13.514168,1.636944,1.990884,1.488532,1.178763,0.947651,0.724755,42.281137,73.638010,74.775923,67.912067,51.858279,42.354544,743.096384,768.268762,767.320313,740.154389,766.209339,742.242288,3.418664,1.375224,0.414369,0.719677,0.938682,3.305776,124.136152,124.136152,124.136152,124.136152,93.102114,124.136152
Rajasthan,Jhalawar,2023,2.390000,952.000000,93.536290,335.957038,69.994807,203.457350,0.033419,7.072944,37.092129,32.735675,31.564889,32.630130,34.288488,29.579536,25.753262,24.816058,23.808330,23.709624,19.662350,15.447643,3.020948,2.783710,2.900578,2.411350,1.702046,1.374689,49.019154,70.958932,68.670488,66.512018,46.028397,51.357047,442.054366,465.687642,478.399366,485.560636,586.928331,438.345056,3.875503,1.873499,0.380625,1.113195,0.747872,2.734418,189.900855,104.379989,20.907070,68.935915,49.995446,129.196809
Rajasthan,Jhalawar,2024,2.512000,912.000000,98.147419,325.124570,345.266881,191.508062,11.604874,0.000000,39.218141,32.783196,30.543560,32.007364,34.127158,30.681536,27.427076,25.334790,24.022600,23.845890,21.557135,14.928786,3.171232,3.042810,2.617770,2.519581,1.556465,1.146500,46.507319,70.406305,76.765232,69.860572,51.349730,43.609433,596.416449,436.769727,398.958552,454.569188,541.555246,481.893390,4.104797,1.991374,0.355875,0.568995,0.958568,3.215257,156.201053,105.267958,14.289476,50.121359,73.669458,148.847508
Rajasthan,Jhalawar,2025,1.850000,585.000000,211.832983,627.040029,217.787506,191.176491,93.761356,3.792579,35.855811,30.497559,31.476806,31.952600,30.821321,28.352292,25.409179,23.916820,23.922695,23.197357,19.657301,12.973631,3.129577,3.249405,2.578607,1.143339,0.949484,0.481508,52.795601,73.627268,70.423032,62.737244,60.748423,49.398999,536.527292,392.807230,453.774670,490.624962,496.129381,482.727411,3.723031,1.459774,0.518587,0.878241,0.870554,1.913882,171.724650,116.454987,25.772257,80.978035,14.656981,158.906314
Rajasthan,Kota,2021,1.414000,685.000000,34.050911,234.881874,589.942003,161.551569,63.122428,34.863514,38.602159,33.355523,31.813818,32.704049,33.157340,29.492069,26.942864,26.814037,24.933151,24.819895,20.872357,13.600030,1.861240,1.705388,1.658650,1.236510,0.769506,0.564181,46.175380,64.198316,71.475393,74.019568,53.899648,45.081360,656.812035,501.166942,473.130861,467.591285,577.748112,429.693403,1.403430,0.376453,0.331545,1.089337,1.397003,2.630152,129.764501,50.309950,18.684539,69.684975,70.244371,132.153935
Rajasthan,Kota,2022,1.486000,985.000000,111.723116,426.544189,421.086404,127.635873,83.989774,0.000000,40.063791,32.747773,31.405652,33.315449,32.795592,30.410656,27.869336,24.955220,24.247131,24.215400,19.524226,13.655277,1.569103,1.832208,1.475310,1.116753,0.859564,0.710902,41.556660,72.898003,74.204631,66.412967,51.519777,42.831375,745.019393,769.763595,769.559051,746.233541,770.085420,743.924626,3.431990,1.169484,0.340413,0.888159,0.835198,3.227151,114.904003,114.904003,114.904003,114.904003,86.178002,114.904003
Rajasthan,Kota,2023,1.840000,955.000000,119.434932,314.001525,55.617220,116.891201,0.000000,11.430424,37.331533,33.256506,32.409312,33.421533,34.555533,29.362764,26.099258,25.279500,24.365211,24.187466,19.981862,15.499041,2.905507,2.682734,2.752357,2.293405,1.638064,1.306841,49.811965,71.279515,68.380155,66.033903,47.447632,52.931557,426.438406,488.589166,503.580282,504.901377,575.614798,426.351412,4.075128,1.846736,0.355400,0.681042,0.697191,3.416975,161.989618,76.238419,14.595797,48.081205,39.216797,123.004910
Rajasthan,Kota,2024,1.800000,1015.000000,106.912026,325.854893,461.166256,201.169172,8.599245,0.000000,40.197534,33.791434,31.006302,32.629676,34.758708,30.944613,28.447255,26.067242,24.596365,24.579353,22.053604,15.279709,3.063329,2.771296,2.450511,2.436911,1.445039,1.077443,45.734840,71.346401,77.917219,69.805195,50.138157,44.195978,599.933040,463.705452,404.128833,470.420333,536.497754,466.879645,3.879254,2.286197,0.304657,0.439648,0.907593,3.693524,130.005707,81.472354,7.738289,38.398565,62.542451,153.423120
Rajasthan,Kota,2025,1.430000,625.000000,275.864088,663.119198,367.841982,162.102648,142.834982,6.147845,36.655347,31.083831,32.028177,32.562362,30.901774,28.268659,26.005131,24.416788,24.552893,23.780006,19.775936,13.153733,2.983749,2.948121,2.476633,1.132932,0.886341,0.410685,51.825452,74.226631,70.840042,61.775807,59.698889,49.520259,551.033292,416.569833,463.531696,502.816536,495.680505,468.734550,2.906032,0.901865,0.377629,0.861141,0.846383,2.155530,148.146896,88.480232,17.576651,70.897076,9.219644,154.505936
Rajasthan,Pratapgarh,2021,0.896000,943.000000,137.912843,330.236185,203.051207,366.351550,42.131299,36.500151,36.557147,31.657381,30.607561,31.547003,32.565194,29.649867,25.225942,25.084972,23.571337,23.782838,20.412286,14.276734,2.751049,2.598552,2.290089,1.805281,1.163082,1.214355,53.989601,66.371377,69.916712,74.138757,54.403106,42.565857,636.874103,481.386955,450.502468,440.143325,573.938222,450.722919,3.235587,1.225334,0.699918,0.797553,1.440565,3.485443,177.419939,105.635796,44.711450,66.501911,81.501874,146.626054
Rajasthan,Pratapgarh,2022,1.111000,1025.000000,46.008242,399.596726,526.192443,109.316128,66.253522,0.000000,38.249323,30.589851,30.165130,32.241910,32.330377,30.351018,26.522566,23.934891,23.442302,23.321103,19.124878,14.076819,2.122009,2.307490,1.543120,1.255650,0.944805,0.692988,43.534207,74.997136,75.150000,66.372168,50.372875,42.050185,750.991272,777.201814,773.308222,745.926831,772.205833,747.115837,3.230473,1.398259,0.454230,0.780461,1.052623,3.544880,118.567869,118.567869,118.567869,118.567869,88.925902,118.567869
Rajasthan,Pratapgarh,2023,1.240000,905.000000,91.762063,355.014467,65.303947,335.835328,0.000000,26.408597,35.874995,32.053026,30.947934,32.118859,34.179219,29.914294,24.974288,24.392277,23.528058,23.459657,19.869969,15.784678,3.336732,3.200703,3.188036,2.610908,1.880861,1.672749,50.631961,70.936429,69.230290,67.405250,46.398198,49.569498,466.649056,458.865826,458.765475,478.744475,599.560143,450.874061,3.364395,1.762325,0.498667,1.036784,1.026039,2.947542,213.202802,122.090618,31.979120,71.651824,62.868098,149.446096
Rajasthan,Pratapgarh,2024,1.235000,1030.000000,84.587717,229.796925,352.147623,251.029685,32.610354,0.000000,38.225810,32.048764,30.078582,31.529903,33.538958,30.568088,26.928397,24.956734,23.636824,23.477353,21.473223,15.084452,3.332980,3.400407,2.917988,2.713583,1.721883,1.331239,47.402712,69.602709,75.783961,69.860479,53.400462,43.625570,615.714714,437.468475,390.906595,452.692985,546.373504,495.461604,3.696359,1.492724,0.444858,0.691580,1.266901,3.109567,173.189585,126.269243,23.424119,56.205712,90.878240,166.738780
Rajasthan,Pratapgarh,2025,1.000000,708.000000,195.278487,302.010701,268.180754,240.719524,116.661874,0.537155,35.213038,30.200151,31.155887,31.432160,30.942086,28.413343,25.195542,23.713554,23.664507,22.771841,19.795597,13.486197,3.251225,3.646654,2.690858,1.287313,1.022646,0.487929,54.502612,72.326589,69.658288,63.620349,59.672842,48.376878,535.826617,391.107092,448.151770,474.211794,506.834781,487.075058,3.599543,1.429895,0.598457,0.884231,1.121570,2.480592,185.429504,132.614799,36.266537,93.507208,15.108675,170.115339
Rajasthan,Sawai Madhopur,2021,0.024000,708.000000,42.667773,263.790482,397.079074,131.143958,62.640441,6.127931,39.110330,34.406454,32.716291,33.155139,33.199179,29.232483,27.044604,27.165644,25.550604,24.897813,20.668244,13.078827,1.758237,1.654431,1.548516,1.310690,0.835026,0.522192,44.696735,62.345373,68.590346,72.113720,51.020270,44.902273,678.351054,525.656276,518.157243,481.702738,571.372178,415.797269,0.396806,0.246729,0.224248,1.620558,0.616124,0.699101,88.674636,30.725829,14.938667,81.501116,36.944868,81.599287
Rajasthan,Sawai Madhopur,2022,0.044000,932.000000,104.300758,289.378681,289.468572,134.497385,144.080036,1.093644,40.515023,34.016559,32.132332,33.576113,32.416192,30.004681,28.004662,25.586024,24.687172,24.529450,19.596006,13.497748,1.362759,1.907172,1.358458,1.182657,0.924262,0.635459,39.528494,69.442278,73.202852,66.271594,53.244959,43.556587,741.868027,767.439623,767.925282,742.703346,766.314705,741.655489,0.713147,0.466388,0.249550,1.305333,0.378140,0.690140,108.110636,108.110636,108.110636,108.110636,81.082977,108.110636
Rajasthan,Sawai Madhopur,2023,0.040000,857.000000,132.866681,286.925743,116.215434,80.924020,0.000000,9.781000,37.355547,33.972312,33.324940,34.253095,34.417551,29.048872,26.226712,25.911319,25.141101,24.712367,19.949613,15.178736,2.818403,2.555649,2.693666,2.198271,1.565523,1.247902,50.117022,70.328704,67.623126,64.224877,47.234458,52.445295,408.965945,513.832213,530.185113,525.351612,559.074990,412.837818,0.843163,0.480279,0.259194,0.865860,0.379783,0.731442,89.905395,42.514760,12.147938,55.559783,24.620155,63.692217
Rajasthan,Sawai Madhopur,2024,0.035000,886.000000,80.717302,315.114699,641.824786,246.087898,0.444100,0.000000,40.948993,35.034658,31.654430,32.626859,34.976671,30.612190,29.070509,26.834809,24.952973,24.628494,21.956088,15.132923,3.053195,2.780063,2.412405,2.413890,1.528477,1.206420,43.801997,68.462856,77.278061,70.634429,49.619372,44.717651,620.706699,517.651130,412.584548,457.583374,539.309705,447.719675,1.759225,0.666016,0.220434,0.644992,0.535845,1.395287,81.131628,40.299256,5.018698,52.304961,46.877116,92.476248
Rajasthan,Sawai Madhopur,2025,0.030000,610.000000,220.279307,633.391810,317.279517,152.388505,93.073767,5.531660,37.290246,32.162036,32.669054,33.172694,31.029891,27.939992,26.248588,24.926591,25.244222,24.249226,19.755452,12.803388,2.880808,2.901021,2.479183,1.125053,0.859291,0.433397,50.700074,72.398325,70.339273,61.573790,59.354598,50.245135,553.586689,429.621303,475.196401,497.937354,490.087220,456.827711,1.231194,0.524620,0.232341,1.206388,0.446698,0.887132,103.778543,46.238698,12.925147,84.190078,7.721674,90.870915
Rajasthan,Udaipur,2021,0.312000,644.000000,96.186622,132.809310,89.618777,282.067827,18.525644,84.181554,36.233995,31.870874,30.901461,31.761870,32.589883,29.637753,25.109040,25.087023,23.676802,23.762137,20.284655,13.908255,2.756276,2.593254,2.265211,1.735473,1.111061,1.103630,53.929334,64.340018,66.126914,73.231951,53.052192,43.157539,646.695283,501.880837,489.694880,446.391106,580.316815,446.200244,2.765021,1.740190,1.432511,1.018186,1.876456,3.306688,158.295865,117.799536,77.187300,82.176203,102.608776,153.184219
Rajasthan,Udaipur,2022,0.494000,966.000000,41.514085,372.733683,360.378732,94.142327,32.579908,0.000000,38.244078,30.729783,30.378097,32.700547,32.388068,30.563040,26.631199,24.075914,23.626386,23.596170,19.050030,13.856711,2.190051,2.261225,1.418790,1.203452,0.881646,0.638390,43.343137,74.307992,74.760824,64.226239,49.076643,39.995757,755.115738,783.470258,783.031253,757.377527,779.747591,755.257940,2.942426,1.788291,0.740063,1.016456,1.506203,3.286055,88.429451,88.429451,88.429451,88.429451,66.322089,88.429451
Rajasthan,Udaipur,2023,0.430000,876.000000,214.174359,251.027980,48.852001,212.426234,0.000000,27.069420,35.020326,32.235624,31.078134,32.336304,34.068576,29.770135,24.527165,24.487861,23.596953,23.648676,20.000873,15.873454,3.503821,3.486175,3.337415,2.767052,1.995504,1.778836,52.767103,69.215159,68.930035,67.409686,47.023584,49.871813,468.864955,477.686779,473.479236,492.749010,597.911475,449.788162,3.043165,2.063650,1.035274,0.936835,1.546603,2.700823,193.214114,138.369726,49.611160,69.538903,85.346414,150.098755
Rajasthan,Udaipur,2024,0.437000,890.000000,81.207923,184.125427,308.101022,193.296051,41.231561,0.000000,37.910288,32.487128,30.065826,31.694586,33.510753,30.633269,26.786973,25.361909,23.851243,23.794911,21.479926,15.100628,3.407440,3.459161,3.024405,2.879732,1.794098,1.386631,47.345687,68.623776,75.792350,69.120745,53.670168,42.891040,621.278003,458.497908,400.862799,484.131302,543.979454,491.466214,2.772806,1.219789,0.755633,0.904430,2.119346,3.388481,155.519578,144.931498,33.646941,65.966055,123.429093,186.264536
Rajasthan,Udaipur,2025,0.380000,605.000000,201.195129,247.602277,258.795904,197.954827,113.311612,3.131618,34.939790,30.347327,31.381610,31.660423,30.923535,28.453128,25.259664,23.950566,23.986544,23.055339,19.780162,13.601231,3.374496,3.720562,2.810570,1.278709,1.063006,0.455876,55.739078,71.954230,68.556205,63.710526,58.701930,47.254197,529.613648,387.922998,469.304066,489.398883,509.583423,480.795365,4.099557,2.130316,0.897785,0.915190,1.407785,3.150612,185.214895,154.121245,58.942658,102.705464,20.497722,175.509852
